Data/Hora,RSSI (dBm),SNR (dB),Frame Counter,Data Rate
2026-06-12 00:00:40,-92,12.300000190734863,24030,2
2026-06-12 00:01:40,-88,10.300000190734863,24031,2
2026-06-12 00:02:40,-91,11.300000190734863,24032,2
2026-06-12 00:03:40,-88,11,24033,2
2026-06-12 00:04:40,-89,12.5,24034,2
2026-06-12 00:05:40,-89,10.800000190734863,24035,2
2026-06-12 00:06:40,-88,10,24036,2
2026-06-12 00:07:40,-92,12.5,24037,2
2026-06-12 00:08:40,-89,10.5,24038,2
2026-06-12 00:09:40,-88,10.5,24039,2
2026-06-12 00:10:40,-88,10.800000190734863,24040,2
2026-06-12 00:11:40,-88,9.300000190734863,24041,2
2026-06-12 00:12:40,-88,11.5,24042,2
2026-06-12 00:13:40,-88,11.300000190734863,24043,2
2026-06-12 00:14:40,-89,10.800000190734863,24044,2
2026-06-12 00:15:40,-88,11.300000190734863,24045,2
2026-06-12 00:16:40,-88,11,24046,2
2026-06-12 00:17:40,-88,11.300000190734863,24047,2
2026-06-12 00:18:40,-89,9.300000190734863,24048,2
2026-06-12 00:19:40,-88,11.5,24049,2
2026-06-12 00:20:40,-88,10.5,24050,2
2026-06-12 00:21:40,-88,10.800000190734863,24051,2
2026-06-12 00:22:40,-88,11.300000190734863,24052,2
2026-06-12 00:23:40,-88,10.800000190734863,24053,2
2026-06-12 00:24:40,-88,11,24054,2
2026-06-12 00:25:40,-88,11,24055,2
2026-06-12 00:26:40,-88,10.800000190734863,24056,2
2026-06-12 00:27:40,-88,10.5,24057,2
2026-06-12 00:28:40,-89,11,24058,2
2026-06-12 00:29:40,-88,11.300000190734863,24059,2
2026-06-12 00:30:40,-88,10.5,24060,2
2026-06-12 00:31:40,-89,11.800000190734863,24061,2
2026-06-12 00:32:40,-89,10.5,24062,2
2026-06-12 00:33:40,-89,10.300000190734863,24063,2
2026-06-12 00:34:40,-88,11,24064,2
2026-06-12 00:35:40,-89,10.5,24065,2
2026-06-12 00:36:40,-88,11.300000190734863,24066,2
2026-06-12 00:37:40,-89,10.800000190734863,24067,2
2026-06-12 00:38:40,-88,10.300000190734863,24068,2
2026-06-12 00:39:40,-88,10.300000190734863,24069,2
2026-06-12 00:40:40,-90,9.5,24070,2
2026-06-12 00:41:40,-90,11.5,24071,2
2026-06-12 00:42:40,-90,11.800000190734863,24072,2
2026-06-12 00:43:40,-90,11.300000190734863,24073,2
2026-06-12 00:44:40,-89,11,24074,2
2026-06-12 00:45:40,-89,11,24075,2
2026-06-12 00:46:40,-88,10.5,24076,2
2026-06-12 00:47:40,-89,9.5,24077,2
2026-06-12 00:48:40,-88,10.5,24078,2
2026-06-12 00:49:40,-88,10.800000190734863,24079,2
2026-06-12 00:50:40,-88,10,24080,2
2026-06-12 00:51:40,-90,11.300000190734863,24081,2
2026-06-12 00:52:40,-91,11,24082,2
2026-06-12 00:53:40,-91,11.800000190734863,24083,2
2026-06-12 00:54:40,-89,9.5,24084,2
2026-06-12 00:55:40,-88,10.5,24085,2
2026-06-12 00:56:40,-89,10.5,24086,2
2026-06-12 00:57:40,-88,10,24087,2
2026-06-12 00:58:40,-88,10,24088,2
2026-06-12 00:59:40,-89,10.300000190734863,24089,2
2026-06-12 01:00:40,-88,11.800000190734863,24090,2
2026-06-12 01:01:40,-89,11.5,24091,2
2026-06-12 01:02:40,-88,10.800000190734863,24092,2
2026-06-12 01:03:40,-89,5.5,24093,2
2026-06-12 01:04:40,-88,10.800000190734863,24094,2
2026-06-12 01:05:40,-89,10.300000190734863,24095,2
2026-06-12 01:06:40,-88,11,24096,2
2026-06-12 01:07:40,-88,10.5,24097,2
2026-06-12 01:08:40,-88,10,24098,2
2026-06-12 01:09:40,-88,10.300000190734863,24099,2
2026-06-12 01:10:40,-88,11.300000190734863,24100,2
2026-06-12 01:11:40,-88,10.5,24101,2
2026-06-12 01:12:40,-87,10,24102,2
2026-06-12 01:13:40,-88,7.300000190734863,24103,2
2026-06-12 01:14:40,-88,10.300000190734863,24104,2
2026-06-12 01:15:40,-88,10.5,24105,2
2026-06-12 01:16:40,-88,10.800000190734863,24106,2
2026-06-12 01:17:40,-88,10.800000190734863,24107,2
2026-06-12 01:18:40,-88,10.800000190734863,24108,2
2026-06-12 01:19:40,-88,10.5,24109,2
2026-06-12 01:20:40,-88,11,24110,2
2026-06-12 01:21:40,-88,11,24111,2
2026-06-12 01:22:40,-88,11.300000190734863,24112,2
2026-06-12 01:23:40,-91,11.800000190734863,24113,2
2026-06-12 01:24:40,-91,11.5,24114,2
2026-06-12 01:25:40,-88,10,24115,2
2026-06-12 01:26:40,-88,10.800000190734863,24116,2
2026-06-12 01:27:40,-88,10.300000190734863,24117,2
2026-06-12 01:28:40,-88,9.800000190734863,24118,2
2026-06-12 01:29:40,-88,10,24119,2
2026-06-12 01:30:40,-88,10.5,24120,2
2026-06-12 01:31:40,-88,10.800000190734863,24121,2
2026-06-12 01:32:40,-88,9.300000190734863,24122,2
2026-06-12 01:33:40,-88,10,24123,2
2026-06-12 01:34:40,-88,10.800000190734863,24124,2
2026-06-12 01:35:40,-88,10.5,24125,2
2026-06-12 01:36:40,-88,9.800000190734863,24126,2
2026-06-12 01:37:40,-88,10.300000190734863,24127,2
2026-06-12 01:38:40,-88,10.5,24128,2
2026-06-12 01:39:40,-91,11,24129,2
2026-06-12 01:40:40,-88,10.800000190734863,24130,2
2026-06-12 01:41:40,-88,11,24131,2
2026-06-12 01:42:40,-88,11,24132,2
2026-06-12 01:43:40,-88,11,24133,2
2026-06-12 01:44:40,-88,11.300000190734863,24134,2
2026-06-12 01:45:40,-88,11.5,24135,2
2026-06-12 01:46:40,-89,9.300000190734863,24136,2
2026-06-12 01:47:40,-89,11,24137,2
2026-06-12 01:48:40,-88,11,24138,2
2026-06-12 01:49:40,-88,9.5,24139,2
2026-06-12 01:50:40,-88,11,24140,2
2026-06-12 01:51:40,-88,11.300000190734863,24141,2
2026-06-12 01:52:40,-88,10.5,24142,2
2026-06-12 01:53:40,-88,10.300000190734863,24143,2
2026-06-12 01:54:40,-88,11,24144,2
2026-06-12 01:55:40,-88,10.5,24145,2
2026-06-12 01:56:40,-88,9.300000190734863,24146,2
2026-06-12 01:57:40,-89,10.5,24147,2
2026-06-12 01:58:40,-92,12.5,24148,2
2026-06-12 01:59:40,-88,11.300000190734863,24149,2
2026-06-12 02:00:40,-88,10.800000190734863,24150,2
2026-06-12 02:01:40,-88,11,24151,2
2026-06-12 02:02:40,-92,12,24152,2
2026-06-12 02:03:40,-88,10.800000190734863,24153,2
2026-06-12 02:04:40,-92,11.5,24154,2
2026-06-12 02:05:40,-91,11.300000190734863,24155,2
2026-06-12 02:06:40,-89,10.800000190734863,24156,2
2026-06-12 02:07:40,-88,11,24157,2
2026-06-12 02:08:40,-88,9.800000190734863,24158,2
2026-06-12 02:09:40,-88,11.300000190734863,24159,2
2026-06-12 02:10:40,-89,10.5,24160,2
2026-06-12 02:11:40,-88,10,24161,2
2026-06-12 02:12:40,-88,9.5,24162,2
2026-06-12 02:13:40,-88,2.799999952316284,24163,2
2026-06-12 02:14:40,-89,10.300000190734863,24164,2
2026-06-12 02:15:40,-88,10,24165,2
2026-06-12 02:16:40,-88,10.300000190734863,24166,2
2026-06-12 02:17:40,-88,10,24167,2
2026-06-12 02:18:40,-88,9,24168,2
2026-06-12 02:19:40,-89,10,24169,2
2026-06-12 02:20:40,-88,10.800000190734863,24170,2
2026-06-12 02:21:40,-89,10.800000190734863,24171,2
2026-06-12 02:22:40,-92,11.5,24172,2
2026-06-12 02:23:40,-92,12,24173,2
2026-06-12 02:24:40,-89,10.800000190734863,24174,2
2026-06-12 02:25:40,-88,10.300000190734863,24175,2
2026-06-12 02:26:40,-91,11.5,24176,2
2026-06-12 02:27:40,-89,10.800000190734863,24177,2
2026-06-12 02:28:40,-89,10.300000190734863,24178,2
2026-06-12 02:29:40,-88,10,24179,2
2026-06-12 02:30:40,-88,9.800000190734863,24180,2
2026-06-12 02:31:40,-88,10.5,24181,2
2026-06-12 02:32:40,-89,10.300000190734863,24182,2
2026-06-12 02:33:40,-88,10.300000190734863,24183,2
2026-06-12 02:34:40,-88,10.5,24184,2
2026-06-12 02:35:40,-88,10.5,24185,2
2026-06-12 02:36:40,-89,10,24186,2
2026-06-12 02:37:40,-88,10,24187,2
2026-06-12 02:38:40,-88,10.300000190734863,24188,2
2026-06-12 02:39:40,-89,10.300000190734863,24189,2
2026-06-12 02:40:40,-89,9.800000190734863,24190,2
2026-06-12 02:41:40,-89,11,24191,2
2026-06-12 02:42:40,-91,11.5,24192,2
2026-06-12 02:43:40,-89,9.5,24193,2
2026-06-12 02:44:40,-89,10.5,24194,2
2026-06-12 02:45:40,-89,10.300000190734863,24195,2
2026-06-12 02:46:40,-91,8,24196,2
2026-06-12 02:47:40,-89,9.5,24197,2
2026-06-12 02:48:40,-90,10.300000190734863,24198,2
2026-06-12 02:49:40,-88,9.800000190734863,24199,2
2026-06-12 02:50:40,-88,5.5,24200,2
2026-06-12 02:51:40,-89,9.5,24201,2
2026-06-12 02:52:40,-89,9.5,24202,2
2026-06-12 02:53:40,-89,9.5,24203,2
2026-06-12 02:54:40,-88,9.300000190734863,24204,2
2026-06-12 02:55:40,-88,10.300000190734863,24205,2
2026-06-12 02:56:40,-89,8.800000190734863,24206,2
2026-06-12 02:57:40,-88,10,24207,2
2026-06-12 02:58:40,-88,10.300000190734863,24208,2
2026-06-12 02:59:40,-88,10,24209,2
2026-06-12 03:00:40,-88,9.5,24210,2
2026-06-12 03:01:40,-89,9.300000190734863,24211,2
2026-06-12 03:02:40,-88,9.300000190734863,24212,2
2026-06-12 03:03:40,-88,9.800000190734863,24213,2
2026-06-12 03:04:40,-89,9.300000190734863,24214,2
2026-06-12 03:05:40,-89,9.5,24215,2
2026-06-12 03:06:40,-89,9.800000190734863,24216,2
2026-06-12 03:07:40,-89,9.5,24217,2
2026-06-12 03:08:40,-89,10.5,24218,2
2026-06-12 03:09:40,-89,9.800000190734863,24219,2
2026-06-12 03:10:40,-89,9.5,24220,2
2026-06-12 03:11:40,-89,9.5,24221,2
2026-06-12 03:12:40,-89,10,24222,2
2026-06-12 03:13:40,-89,10.300000190734863,24223,2
2026-06-12 03:14:40,-89,9.800000190734863,24224,2
2026-06-12 03:15:40,-89,9.5,24225,2
2026-06-12 03:16:40,-90,10.800000190734863,24226,2
2026-06-12 03:17:40,-89,10,24227,2
2026-06-12 03:18:40,-89,8.800000190734863,24228,2
2026-06-12 03:19:40,-89,9.300000190734863,24229,2
2026-06-12 03:20:40,-89,9.800000190734863,24230,2
2026-06-12 03:21:40,-89,9,24231,2
2026-06-12 03:22:40,-89,10.800000190734863,24232,2
2026-06-12 03:23:40,-89,10,24233,2
2026-06-12 03:24:40,-89,10.800000190734863,24234,2
2026-06-12 03:25:40,-89,10,24235,2
2026-06-12 03:26:40,-89,9.800000190734863,24236,2
2026-06-12 03:27:40,-89,9.800000190734863,24237,2
2026-06-12 03:28:40,-89,9.5,24238,2
2026-06-12 03:29:40,-89,10,24239,2
2026-06-12 03:30:40,-89,9.300000190734863,24240,2
2026-06-12 03:31:40,-89,9,24241,2
2026-06-12 03:32:40,-89,9.800000190734863,24242,2
2026-06-12 03:33:40,-89,10,24243,2
2026-06-12 03:34:40,-89,10.300000190734863,24244,2
2026-06-12 03:35:40,-89,9.5,24245,2
2026-06-12 03:36:40,-89,10.300000190734863,24246,2
2026-06-12 03:37:40,-89,9.5,24247,2
2026-06-12 03:38:40,-89,6.300000190734863,24248,2
2026-06-12 03:39:40,-89,10.5,24249,2
2026-06-12 03:40:40,-89,10.800000190734863,24250,2
2026-06-12 03:41:40,-88,9.800000190734863,24251,2
2026-06-12 03:42:40,-92,12.300000190734863,24252,2
2026-06-12 03:43:40,-89,10.800000190734863,24253,2
2026-06-12 03:44:40,-88,11.300000190734863,24254,2
2026-06-12 03:45:40,-89,10.800000190734863,24255,2
2026-06-12 03:46:40,-88,11,24256,2
2026-06-12 03:47:40,-88,10.5,24257,2
2026-06-12 03:48:40,-88,11.300000190734863,24258,2
2026-06-12 03:49:40,-89,10.5,24259,2
2026-06-12 03:50:40,-91,12,24260,2
2026-06-12 03:51:40,-89,10.800000190734863,24261,2
2026-06-12 03:52:40,-89,11,24262,2
2026-06-12 03:53:40,-90,11.800000190734863,24263,2
2026-06-12 03:54:40,-89,10.800000190734863,24264,2
2026-06-12 03:55:40,-88,10.300000190734863,24265,2
2026-06-12 03:56:40,-88,10,24266,2
2026-06-12 03:57:40,-89,10.300000190734863,24267,2
2026-06-12 03:58:40,-88,10.5,24268,2
2026-06-12 03:59:40,-88,10.300000190734863,24269,2
2026-06-12 04:00:40,-89,9.300000190734863,24270,2
2026-06-12 04:01:40,-89,9.800000190734863,24271,2
2026-06-12 04:02:40,-89,10.300000190734863,24272,2
2026-06-12 04:03:40,-89,9.300000190734863,24273,2
2026-06-12 04:04:40,-89,10,24274,2
2026-06-12 04:05:40,-88,10.800000190734863,24275,2
2026-06-12 04:06:40,-88,10,24276,2
2026-06-12 04:07:40,-89,10.5,24277,2
2026-06-12 04:08:40,-89,10.5,24278,2
2026-06-12 04:09:40,-89,11,24279,2
2026-06-12 04:10:40,-90,11.300000190734863,24280,2
2026-06-12 04:11:40,-89,9.5,24281,2
2026-06-12 04:12:40,-91,11.300000190734863,24282,2
2026-06-12 04:13:40,-91,11.300000190734863,24283,2
2026-06-12 04:14:40,-89,10,24284,2
2026-06-12 04:15:40,-92,10.800000190734863,24285,2
2026-06-12 04:16:40,-92,12.300000190734863,24286,2
2026-06-12 04:17:40,-92,12,24287,2
2026-06-12 04:18:40,-92,12,24288,2
2026-06-12 04:19:40,-89,12.300000190734863,24289,2
2026-06-12 04:20:40,-89,10.5,24290,2
2026-06-12 04:21:40,-89,9.5,24291,2
2026-06-12 04:22:40,-89,10.300000190734863,24292,2
2026-06-12 04:23:40,-88,9,24293,2
2026-06-12 04:24:40,-87,2.799999952316284,24294,2
2026-06-12 04:25:40,-89,10.5,24295,2
2026-06-12 04:26:40,-88,11,24296,2
2026-06-12 04:27:40,-87,6.5,24297,2
2026-06-12 04:28:40,-89,9,24298,2
2026-06-12 04:29:40,-90,12,24299,2
2026-06-12 04:30:40,-89,10.800000190734863,24300,2
2026-06-12 04:31:40,-89,9,24301,2
2026-06-12 04:32:40,-89,10.800000190734863,24302,2
2026-06-12 04:33:40,-89,10.800000190734863,24303,2
2026-06-12 04:34:40,-88,10,24304,2
2026-06-12 04:35:40,-88,9.5,24305,2
2026-06-12 04:36:40,-87,11.5,24306,2
2026-06-12 04:37:40,-88,10.5,24307,2
2026-06-12 04:38:40,-89,10,24308,2
2026-06-12 04:39:40,-89,9,24309,2
2026-06-12 04:40:40,-90,11.300000190734863,24310,2
2026-06-12 04:41:40,-90,10.5,24311,2
2026-06-12 04:42:40,-89,9.800000190734863,24312,2
2026-06-12 04:43:40,-89,10,24313,2
2026-06-12 04:44:40,-89,10,24314,2
2026-06-12 04:45:40,-89,10.5,24315,2
2026-06-12 04:46:40,-88,10.5,24316,2
2026-06-12 04:47:40,-89,10.5,24317,2
2026-06-12 04:48:40,-91,11.300000190734863,24318,2
2026-06-12 04:49:40,-91,11.800000190734863,24319,2
2026-06-12 04:50:40,-90,11,24320,2
2026-06-12 04:51:40,-91,11,24321,2
2026-06-12 04:52:40,-91,11.300000190734863,24322,2
2026-06-12 04:53:40,-91,11.5,24323,2
2026-06-12 04:54:40,-88,9.800000190734863,24324,2
2026-06-12 04:55:40,-91,11.5,24325,2
2026-06-12 04:56:40,-89,10,24326,2
2026-06-12 04:57:40,-89,9.800000190734863,24327,2
2026-06-12 04:58:40,-88,10.300000190734863,24328,2
2026-06-12 04:59:40,-89,10,24329,2
2026-06-12 05:00:40,-89,9.800000190734863,24330,2
2026-06-12 05:01:40,-89,9.800000190734863,24331,2
2026-06-12 05:02:40,-88,9.800000190734863,24332,2
2026-06-12 05:03:40,-88,10,24333,2
2026-06-12 05:04:40,-88,10,24334,2
2026-06-12 05:05:40,-89,10.800000190734863,24335,2
2026-06-12 05:06:40,-88,9.300000190734863,24336,2
2026-06-12 05:07:40,-88,9.5,24337,2
2026-06-12 05:08:40,-88,11.5,24338,2
2026-06-12 05:09:40,-88,11.5,24339,2
2026-06-12 05:10:40,-89,10.300000190734863,24340,2
2026-06-12 05:11:40,-88,10.300000190734863,24341,2
2026-06-12 05:12:40,-89,10.5,24342,2
2026-06-12 05:13:40,-90,11.5,24343,2
2026-06-12 05:14:40,-90,10.800000190734863,24344,2
2026-06-12 05:15:40,-89,10.5,24345,2
2026-06-12 05:16:40,-88,10.300000190734863,24346,2
2026-06-12 05:17:40,-90,10.800000190734863,24347,2
2026-06-12 05:18:40,-91,11.300000190734863,24348,2
2026-06-12 05:19:40,-89,11,24349,2
2026-06-12 05:20:40,-89,10.300000190734863,24350,2
2026-06-12 05:21:40,-88,10.800000190734863,24351,2
2026-06-12 05:22:40,-89,10,24352,2
2026-06-12 05:23:40,-88,10.300000190734863,24353,2
2026-06-12 05:24:40,-88,9.5,24354,2
2026-06-12 05:25:40,-88,10,24355,2
2026-06-12 05:26:40,-89,10,24356,2
2026-06-12 05:27:40,-88,10,24357,2
2026-06-12 05:28:40,-89,10,24358,2
2026-06-12 05:29:40,-89,10.5,24359,2
2026-06-12 05:30:40,-88,8.5,24360,2
2026-06-12 05:31:40,-88,9.300000190734863,24361,2
2026-06-12 05:32:40,-89,10.300000190734863,24362,2
2026-06-12 05:33:40,-89,9.800000190734863,24363,2
2026-06-12 05:34:40,-89,9.5,24364,2
2026-06-12 05:35:40,-90,10.300000190734863,24365,2
2026-06-12 05:36:40,-90,10.300000190734863,24366,2
2026-06-12 05:37:40,-90,10.300000190734863,24367,2
2026-06-12 05:38:40,-91,10.5,24368,2
2026-06-12 05:39:40,-91,10.800000190734863,24369,2
2026-06-12 05:40:40,-91,11.300000190734863,24370,2
2026-06-12 05:41:40,-92,11,24371,2
2026-06-12 05:42:40,-91,11.300000190734863,24372,2
2026-06-12 05:43:40,-92,11.300000190734863,24373,2
2026-06-12 05:44:40,-91,11.5,24374,2
2026-06-12 05:45:40,-87,3,24375,2
2026-06-12 05:46:40,-88,10.5,24376,2
2026-06-12 05:47:40,-88,10.800000190734863,24377,2
2026-06-12 05:48:40,-88,10.5,24378,2
2026-06-12 05:49:40,-88,10.800000190734863,24379,2
2026-06-12 05:50:40,-88,11,24380,2
2026-06-12 05:51:40,-88,9.800000190734863,24381,2
2026-06-12 05:52:40,-89,10.300000190734863,24382,2
2026-06-12 05:53:40,-88,10.800000190734863,24383,2
2026-06-12 05:54:40,-88,10.5,24384,2
2026-06-12 05:55:40,-88,10,24385,2
2026-06-12 05:56:40,-88,10.5,24386,2
2026-06-12 05:57:40,-88,10,24387,2
2026-06-12 05:58:40,-88,10,24388,2
2026-06-12 05:59:40,-88,10,24389,2
2026-06-12 06:00:40,-89,9.800000190734863,24390,2
2026-06-12 06:01:40,-89,9.300000190734863,24391,2
2026-06-12 06:02:40,-89,9.800000190734863,24392,2
2026-06-12 06:03:40,-89,10,24393,2
2026-06-12 06:04:40,-89,10,24394,2
2026-06-12 06:05:40,-89,10,24395,2
2026-06-12 06:06:40,-89,9.5,24396,2
2026-06-12 06:07:40,-89,9.5,24397,2
2026-06-12 06:08:40,-89,10.300000190734863,24398,2
2026-06-12 06:09:40,-89,10,24399,2
2026-06-12 06:10:40,-89,10.300000190734863,24400,2
2026-06-12 06:11:40,-88,10.5,24401,2
2026-06-12 06:12:40,-88,10.5,24402,2
2026-06-12 06:13:40,-88,9.5,24403,2
2026-06-12 06:14:40,-88,9.5,24404,2
2026-06-12 06:15:40,-89,9.5,24405,2
2026-06-12 06:16:40,-89,10,24406,2
2026-06-12 06:17:40,-88,9.5,24407,2
2026-06-12 06:18:40,-89,10.300000190734863,24408,2
2026-06-12 06:19:40,-89,11.300000190734863,24409,2
2026-06-12 06:20:40,-88,10.300000190734863,24410,2
2026-06-12 06:21:40,-89,10,24411,2
2026-06-12 06:22:40,-89,10,24412,2
2026-06-12 06:23:40,-89,9.800000190734863,24413,2
2026-06-12 06:24:40,-88,9.5,24414,2
2026-06-12 06:25:40,-89,9.800000190734863,24415,2
2026-06-12 06:26:40,-89,9.300000190734863,24416,2
2026-06-12 06:27:40,-89,10,24417,2
2026-06-12 06:28:40,-90,10.300000190734863,24418,2
2026-06-12 06:29:40,-90,10,24419,2
2026-06-12 06:30:40,-89,10.5,24420,2
2026-06-12 06:31:40,-87,1,24421,2
2026-06-12 06:32:40,-89,9.800000190734863,24422,2
2026-06-12 06:33:40,-89,9.800000190734863,24423,2
2026-06-12 06:34:40,-88,10.300000190734863,24424,2
2026-06-12 06:35:40,-88,10.300000190734863,24425,2
2026-06-12 06:36:40,-89,9.800000190734863,24426,2
2026-06-12 06:37:40,-89,10.5,24427,2
2026-06-12 06:38:40,-89,10.800000190734863,24428,2
2026-06-12 06:39:40,-96,10.300000190734863,24429,2
2026-06-12 06:40:40,-89,10.800000190734863,24430,2
2026-06-12 06:41:40,-89,9,24431,2
2026-06-12 06:42:40,-89,10.5,24432,2
2026-06-12 06:43:40,-89,10.800000190734863,24433,2
2026-06-12 06:44:40,-88,10.5,24434,2
2026-06-12 06:45:40,-88,10.5,24435,2
2026-06-12 06:46:40,-88,4,24436,2
2026-06-12 06:47:40,-88,10,24437,2
2026-06-12 06:48:40,-88,10.800000190734863,24438,2
2026-06-12 06:49:40,-88,9.300000190734863,24439,2
2026-06-12 06:50:40,-89,9.800000190734863,24440,2
2026-06-12 06:51:40,-89,10,24441,2
2026-06-12 06:52:40,-89,10,24442,2
2026-06-12 06:53:40,-89,9.300000190734863,24443,2
2026-06-12 06:54:40,-89,10,24444,2
2026-06-12 06:55:40,-89,9.800000190734863,24445,2
2026-06-12 06:56:40,-89,9.800000190734863,24446,2
2026-06-12 06:57:40,-88,10.300000190734863,24447,2
2026-06-12 06:58:40,-88,11,24448,2
2026-06-12 06:59:40,-88,10.5,24449,2
2026-06-12 07:00:40,-88,8.5,24450,2
2026-06-12 07:01:40,-88,10.5,24451,2
2026-06-12 07:02:40,-91,11.5,24452,2
2026-06-12 07:03:40,-88,9.5,24453,2
2026-06-12 07:04:40,-88,10.800000190734863,24454,2
2026-06-12 07:05:40,-88,11.5,24455,2
2026-06-12 07:06:40,-88,10.300000190734863,24456,2
2026-06-12 07:07:40,-88,9.5,24457,2
2026-06-12 07:08:40,-88,10,24458,2
2026-06-12 07:09:40,-88,10,24459,2
2026-06-12 07:10:40,-88,10,24460,2
2026-06-12 07:11:40,-88,11.300000190734863,24461,2
2026-06-12 07:12:40,-88,8.800000190734863,24462,2
2026-06-12 07:13:40,-92,12,24463,2
2026-06-12 07:14:40,-92,11.300000190734863,24464,2
2026-06-12 07:15:40,-88,11.300000190734863,24465,2
2026-06-12 07:16:40,-88,11,24466,2
2026-06-12 07:17:40,-88,10.5,24467,2
2026-06-12 07:18:40,-88,10.300000190734863,24468,2
2026-06-12 07:19:40,-88,10.5,24469,2
2026-06-12 07:20:40,-88,11,24470,2
2026-06-12 07:21:40,-88,10,24471,2
2026-06-12 07:22:40,-88,10.800000190734863,24472,2
2026-06-12 07:23:40,-88,10.800000190734863,24473,2
2026-06-12 07:24:40,-88,11,24474,2
2026-06-12 07:25:40,-88,10.800000190734863,24475,2
2026-06-12 07:26:40,-88,11,24476,2
2026-06-12 07:27:40,-88,11,24477,2
2026-06-12 07:28:40,-88,11,24478,2
2026-06-12 07:29:40,-88,6.300000190734863,24479,2
2026-06-12 07:30:40,-88,11,24480,2
2026-06-12 07:31:40,-88,11.300000190734863,24481,2
2026-06-12 07:32:40,-88,11.300000190734863,24482,2
2026-06-12 07:33:40,-88,11,24483,2
2026-06-12 07:34:40,-88,10.800000190734863,24484,2
2026-06-12 07:35:40,-88,11,24485,2
2026-06-12 07:36:40,-88,11.300000190734863,24486,2
2026-06-12 07:37:40,-88,10.5,24487,2
2026-06-12 07:38:40,-89,11,24488,2
2026-06-12 07:39:40,-88,11.300000190734863,24489,2
2026-06-12 07:40:40,-92,12.300000190734863,24490,2
2026-06-12 07:41:40,-98,10.5,24491,2
2026-06-12 07:42:40,-92,12.300000190734863,24492,2
2026-06-12 07:43:40,-87,11.800000190734863,24493,2
2026-06-12 07:44:40,-88,10.5,24494,2
2026-06-12 07:45:40,-89,10.800000190734863,24495,2
2026-06-12 07:46:40,-92,12.300000190734863,24496,2
2026-06-12 07:47:40,-92,11.5,24497,2
2026-06-12 07:48:40,-89,10.800000190734863,24498,2
2026-06-12 07:49:40,-88,10,24499,2
2026-06-12 07:50:40,-88,11,24500,2
2026-06-12 07:51:40,-88,11.5,24501,2
2026-06-12 07:52:40,-87,11.300000190734863,24502,2
2026-06-12 07:53:40,-88,11,24503,2
2026-06-12 07:54:40,-88,11.5,24504,2
2026-06-12 07:55:40,-88,10.800000190734863,24505,2
2026-06-12 07:56:40,-88,8.5,24506,2
2026-06-12 07:57:40,-88,9.300000190734863,24507,2
2026-06-12 07:58:40,-88,10.300000190734863,24508,2
2026-06-12 07:59:40,-88,11.300000190734863,24509,2
2026-06-12 08:00:40,-87,12,24510,2
2026-06-12 08:01:40,-88,10.5,24511,2
2026-06-12 08:02:40,-88,10.5,24512,2
2026-06-12 08:03:40,-88,11.5,24513,2
2026-06-12 08:04:40,-90,11.5,24514,2
2026-06-12 08:05:40,-88,11.300000190734863,24515,2
2026-06-12 08:06:40,-88,11.300000190734863,24516,2
2026-06-12 08:07:40,-88,11.300000190734863,24517,2
2026-06-12 08:08:40,-88,10.5,24518,2
2026-06-12 08:09:40,-88,10.300000190734863,24519,2
2026-06-12 08:10:40,-88,10.5,24520,2
2026-06-12 08:11:40,-88,10,24521,2
2026-06-12 08:12:40,-88,10.5,24522,2
2026-06-12 08:13:40,-89,8.5,24523,2
2026-06-12 08:14:40,-88,10.5,24524,2
2026-06-12 08:15:40,-88,10.800000190734863,24525,2
2026-06-12 08:16:40,-94,9.5,24526,2
2026-06-12 08:17:40,-87,11.300000190734863,24527,2
2026-06-12 08:18:40,-88,11.300000190734863,24528,2
2026-06-12 08:19:40,-88,9.5,24529,2
2026-06-12 08:20:40,-89,9,24530,2
2026-06-12 08:21:40,-89,9.800000190734863,24531,2
2026-06-12 08:22:40,-89,9.800000190734863,24532,2
2026-06-12 08:23:40,-92,10,24533,2
2026-06-12 08:24:40,-92,12.300000190734863,24534,2
2026-06-12 08:25:40,-87,12.300000190734863,24535,2
2026-06-12 08:26:40,-87,12.300000190734863,24536,2
2026-06-12 08:27:40,-90,11,24537,2
2026-06-12 08:28:40,-87,9.800000190734863,24538,2
2026-06-12 08:29:40,-87,10.5,24539,2
2026-06-12 08:30:40,-85,11.800000190734863,24540,2
2026-06-12 08:31:40,-86,10.300000190734863,24541,2
2026-06-12 08:32:40,-86,12.5,24542,2
2026-06-12 08:33:40,-88,10.300000190734863,24543,2
2026-06-12 08:34:40,-86,11,24544,2
2026-06-12 08:35:40,-87,10.300000190734863,24545,2
2026-06-12 08:36:40,-87,10.5,24546,2
2026-06-12 08:37:40,-89,10.5,24547,2
2026-06-12 08:38:40,-86,10.300000190734863,24548,2
2026-06-12 08:39:40,-89,9.800000190734863,24549,2
2026-06-12 08:40:40,-88,10.800000190734863,24550,2
2026-06-12 08:41:40,-87,11,24551,2
2026-06-12 08:42:40,-87,9.5,24552,2
2026-06-12 08:43:40,-86,9.300000190734863,24553,2
2026-06-12 08:44:40,-88,10.300000190734863,24554,2
2026-06-12 08:45:40,-89,7.800000190734863,24555,2
2026-06-12 08:46:40,-87,9.300000190734863,24556,2
2026-06-12 08:47:40,-87,9.800000190734863,24557,2
2026-06-12 08:48:40,-86,11,24558,2
2026-06-12 08:49:40,-86,8.800000190734863,24559,2
2026-06-12 08:50:40,-91,9.5,24560,2
2026-06-12 08:51:40,-92,10.800000190734863,24561,2
2026-06-12 08:52:40,-88,9.5,24562,2
2026-06-12 08:53:40,-87,10.5,24563,2
2026-06-12 08:54:40,-87,9.5,24564,2
2026-06-12 08:55:40,-87,10.5,24565,2
2026-06-12 08:56:40,-86,10,24566,2
2026-06-12 08:57:40,-87,10,24567,2
2026-06-12 08:58:40,-86,10.5,24568,2
2026-06-12 08:59:40,-86,10.300000190734863,24569,2
2026-06-12 09:00:40,-87,10,24570,2
2026-06-12 09:01:40,-86,9.800000190734863,24571,2
2026-06-12 09:02:40,-86,10.300000190734863,24572,2
2026-06-12 09:03:40,-87,11.300000190734863,24573,2
2026-06-12 09:04:40,-86,10,24574,2
2026-06-12 09:05:40,-85,10,24575,2
2026-06-12 09:06:40,-88,10,24576,2
2026-06-12 09:07:40,-87,11,24577,2
2026-06-12 09:08:40,-87,9.5,24578,2
2026-06-12 09:09:40,-86,10,24579,2
2026-06-12 09:10:40,-86,9.800000190734863,24580,2
2026-06-12 09:11:40,-87,9.300000190734863,24581,2
2026-06-12 09:12:40,-87,10.800000190734863,24582,2
2026-06-12 09:13:40,-87,9,24583,2
2026-06-12 09:14:40,-87,10.800000190734863,24584,2
2026-06-12 09:15:40,-87,11.5,24585,2
2026-06-12 09:16:40,-88,11.800000190734863,24586,2
2026-06-12 09:17:40,-87,11.5,24587,2
2026-06-12 09:18:40,-90,11.800000190734863,24588,2
2026-06-12 09:19:40,-88,11.300000190734863,24589,2
2026-06-12 09:20:40,-88,11.5,24590,2
2026-06-12 09:21:40,-88,10.5,24591,2
2026-06-12 09:22:40,-88,9.800000190734863,24592,2
2026-06-12 09:23:40,-88,11.5,24593,2
2026-06-12 09:24:40,-88,10.800000190734863,24594,2
2026-06-12 09:25:40,-88,10,24595,2
2026-06-12 09:26:40,-89,10.300000190734863,24596,2
2026-06-12 09:27:40,-88,10.800000190734863,24597,2
2026-06-12 09:28:40,-89,10.300000190734863,24598,2
2026-06-12 09:29:40,-90,9.5,24599,2
2026-06-12 09:30:40,-88,11,24600,2
2026-06-12 09:31:40,-89,10.800000190734863,24601,2
2026-06-12 09:32:40,-90,9.5,24602,2
2026-06-12 09:33:40,-89,9.800000190734863,24603,2
2026-06-12 09:34:40,-89,10.300000190734863,24604,2
2026-06-12 09:35:40,-88,11.300000190734863,24605,2
2026-06-12 09:36:40,-88,10.300000190734863,24606,2
2026-06-12 09:37:40,-87,11.5,24607,2
2026-06-12 09:38:40,-92,12,24608,2
2026-06-12 09:39:40,-88,10,24609,2
2026-06-12 09:40:40,-87,11.300000190734863,24610,2
2026-06-12 09:41:40,-88,10.300000190734863,24611,2
2026-06-12 09:42:40,-88,11.300000190734863,24612,2
2026-06-12 09:43:40,-89,10.300000190734863,24613,2
2026-06-12 09:44:40,-90,9.5,24614,2
2026-06-12 09:45:40,-86,10.300000190734863,24615,2
2026-06-12 09:46:40,-89,9.300000190734863,24616,2
2026-06-12 09:47:40,-88,10.5,24617,2
2026-06-12 09:48:40,-88,10.800000190734863,24618,2
2026-06-12 09:49:40,-89,9,24619,2
2026-06-12 09:50:40,-89,9.5,24620,2
2026-06-12 09:51:40,-89,10.300000190734863,24621,2
2026-06-12 09:52:40,-89,9.5,24622,2
2026-06-12 09:53:40,-89,8.800000190734863,24623,2
2026-06-12 09:54:40,-91,10,24624,2
2026-06-12 09:55:40,-88,10.800000190734863,24625,2
2026-06-12 09:56:40,-89,9,24626,2
2026-06-12 09:57:40,-90,8.300000190734863,24627,2
2026-06-12 09:58:40,-89,10.5,24628,2
2026-06-12 09:59:40,-89,10,24629,2
2026-06-12 10:00:40,-89,9.800000190734863,24630,2
2026-06-12 10:01:40,-88,9.5,24631,2
2026-06-12 10:02:40,-89,10.800000190734863,24632,2
2026-06-12 10:03:40,-88,11,24633,2
2026-06-12 10:04:40,-88,9.800000190734863,24634,2
2026-06-12 10:05:40,-89,8.5,24635,2
2026-06-12 10:06:40,-88,11,24636,2
2026-06-12 10:07:40,-89,10,24637,2
2026-06-12 10:08:40,-89,9.300000190734863,24638,2
2026-06-12 10:09:40,-89,10,24639,2
2026-06-12 10:10:40,-89,9.5,24640,2
2026-06-12 10:11:40,-88,11,24641,2
2026-06-12 10:12:40,-88,10.5,24642,2
2026-06-12 10:13:40,-87,9.800000190734863,24643,2
2026-06-12 10:14:40,-89,10.5,24644,2
2026-06-12 10:15:40,-88,10.800000190734863,24645,2
2026-06-12 10:16:40,-89,9.800000190734863,24646,2
2026-06-12 10:17:40,-88,10.5,24647,2
2026-06-12 10:18:40,-92,9.5,24648,2
2026-06-12 10:19:40,-88,11.300000190734863,24649,2
2026-06-12 10:20:40,-87,7.300000190734863,24650,2
2026-06-12 10:21:40,-90,9.5,24651,2
2026-06-12 10:22:40,-88,9,24652,2
2026-06-12 10:23:40,-88,10,24653,2
2026-06-12 10:24:40,-90,11.5,24654,2
2026-06-12 10:25:39,-92,11.800000190734863,24655,2
2026-06-12 10:26:40,-91,11.5,24656,2
2026-06-12 10:27:40,-91,11.800000190734863,24657,2
2026-06-12 10:28:40,-89,10.800000190734863,24658,2
2026-06-12 10:29:40,-91,11.5,24659,2
2026-06-12 10:30:40,-89,9.800000190734863,24660,2
2026-06-12 10:31:40,-89,10.5,24661,2
2026-06-12 10:32:40,-87,11.5,24662,2
2026-06-12 10:33:40,-89,10.800000190734863,24663,2
2026-06-12 10:34:40,-91,11.5,24664,2
2026-06-12 10:35:40,-92,12,24665,2
2026-06-12 10:36:40,-91,11,24666,2
2026-06-12 10:37:40,-89,9.300000190734863,24667,2
2026-06-12 10:38:40,-90,9.800000190734863,24668,2
2026-06-12 10:39:40,-89,9.300000190734863,24669,2
2026-06-12 10:40:40,-87,11.5,24670,2
2026-06-12 10:41:40,-88,10,24671,2
2026-06-12 10:42:40,-87,9.300000190734863,24672,2
2026-06-12 10:43:40,-88,10.5,24673,2
2026-06-12 10:44:40,-88,9.800000190734863,24674,2
2026-06-12 10:45:40,-88,12,24675,2
2026-06-12 10:46:40,-87,11,24676,2
2026-06-12 10:47:40,-86,9.800000190734863,24677,2
2026-06-12 10:48:40,-89,9.300000190734863,24678,2
2026-06-12 10:49:40,-90,9,24679,2
2026-06-12 10:50:40,-90,9.5,24680,2
2026-06-12 10:51:40,-89,9.300000190734863,24681,2
2026-06-12 10:52:40,-89,9.300000190734863,24682,2
2026-06-12 10:53:40,-89,10.800000190734863,24683,2
2026-06-12 10:54:39,-88,11,24684,2
2026-06-12 10:55:40,-88,11,24685,2
2026-06-12 10:56:40,-87,11,24686,2
2026-06-12 10:57:40,-89,9.300000190734863,24687,2
2026-06-12 10:58:40,-89,9.5,24688,2
2026-06-12 10:59:40,-90,10.5,24689,2
2026-06-12 11:00:40,-88,9.300000190734863,24690,2
2026-06-12 11:01:40,-89,10,24691,2
2026-06-12 11:02:40,-88,7.800000190734863,24692,2
2026-06-12 11:03:40,-89,9.5,24693,2
2026-06-12 11:04:40,-90,10.300000190734863,24694,2
2026-06-12 11:05:40,-90,8.800000190734863,24695,2
2026-06-12 11:06:40,-88,10.800000190734863,24696,2
2026-06-12 11:07:40,-93,7.800000190734863,24697,2
2026-06-12 11:08:40,-89,10.300000190734863,24698,2
2026-06-12 11:09:40,-89,9.800000190734863,24699,2
2026-06-12 11:10:39,-94,8.800000190734863,24700,2
2026-06-12 11:11:40,-88,10.300000190734863,24701,2
2026-06-12 11:12:40,-92,11.300000190734863,24702,2
2026-06-12 11:13:40,-91,10.800000190734863,24703,2
2026-06-12 11:14:40,-92,8.800000190734863,24704,2
2026-06-12 11:15:40,-88,10.5,24705,2
2026-06-12 11:16:40,-88,10.5,24706,2
2026-06-12 11:17:40,-89,8,24707,2
2026-06-12 11:18:40,-92,8,24708,2
2026-06-12 11:19:40,-92,12,24709,2
2026-06-12 11:20:40,-89,9,24710,2
2026-06-12 11:21:40,-89,9.5,24711,2
2026-06-12 11:22:40,-91,9.300000190734863,24712,2
2026-06-12 11:23:40,-88,9,24713,2
2026-06-12 11:24:40,-90,10.5,24714,2
2026-06-12 11:25:39,-91,8.300000190734863,24715,2
2026-06-12 11:26:40,-91,9.5,24716,2
2026-06-12 11:27:40,-88,10.800000190734863,24717,2
2026-06-12 11:28:40,-89,10,24718,2
2026-06-12 11:29:40,-91,10,24719,2
2026-06-12 11:30:39,-89,8.800000190734863,24720,2
2026-06-12 11:31:40,-86,11,24721,2
2026-06-12 11:32:40,-90,10.800000190734863,24722,2
2026-06-12 11:33:40,-91,7.800000190734863,24723,2
2026-06-12 11:34:39,-87,11,24724,2
2026-06-12 11:35:40,-87,9.5,24725,2
2026-06-12 11:36:40,-90,10,24726,2
2026-06-12 11:37:40,-93,8.800000190734863,24727,2
2026-06-12 11:38:40,-87,9.5,24728,2
2026-06-12 11:39:40,-89,9.5,24729,2
2026-06-12 11:40:40,-91,10.300000190734863,24730,2
2026-06-12 11:41:40,-91,11.300000190734863,24731,2
2026-06-12 11:42:40,-90,9.800000190734863,24732,2
2026-06-12 11:43:40,-89,9.5,24733,2
2026-06-12 11:44:40,-91,9.5,24734,2
2026-06-12 11:45:40,-89,10,24735,2
2026-06-12 11:46:40,-88,10,24736,2
2026-06-12 11:47:40,-88,10.5,24737,2
2026-06-12 11:48:39,-91,9.5,24738,2
2026-06-12 11:49:40,-86,10.5,24739,2
2026-06-12 11:50:39,-89,10.300000190734863,24740,2
2026-06-12 11:51:40,-90,11.300000190734863,24741,2
2026-06-12 11:52:39,-88,10.5,24742,2
2026-06-12 11:53:40,-89,9.5,24743,2
2026-06-12 11:54:39,-91,8.5,24744,2
2026-06-12 11:55:39,-88,9.300000190734863,24745,2
2026-06-12 11:56:39,-88,9.300000190734863,24746,2
2026-06-12 11:57:40,-90,7.800000190734863,24747,2
2026-06-12 11:58:39,-89,10,24748,2
2026-06-12 11:59:40,-88,10,24749,2
2026-06-12 12:00:40,-90,9,24750,2
2026-06-12 12:01:40,-88,11,24751,2
2026-06-12 12:02:39,-91,10.300000190734863,24752,2
2026-06-12 12:03:40,-88,10.300000190734863,24753,2
2026-06-12 12:04:40,-92,11.800000190734863,24754,2
2026-06-12 12:05:39,-92,8.800000190734863,24755,2
2026-06-12 12:06:40,-89,9.5,24756,2
2026-06-12 12:07:40,-90,11.5,24757,2
2026-06-12 12:08:39,-87,10.300000190734863,24758,2
2026-06-12 12:09:40,-92,9.5,24759,2
2026-06-12 12:10:40,-91,10.300000190734863,24760,2
2026-06-12 12:11:40,-93,9.300000190734863,24761,2
2026-06-12 12:12:39,-90,6.300000190734863,24762,2
2026-06-12 12:13:39,-93,10,24763,2
2026-06-12 12:14:40,-91,10.300000190734863,24764,2
2026-06-12 12:15:39,-92,9.800000190734863,24765,2
2026-06-12 12:16:39,-93,8.800000190734863,24766,2
2026-06-12 12:17:39,-89,9.800000190734863,24767,2
2026-06-12 12:18:39,-88,11,24768,2
2026-06-12 12:19:39,-90,10,24769,2
2026-06-12 12:20:40,-90,11.300000190734863,24770,2
2026-06-12 12:21:40,-89,10.300000190734863,24771,2
2026-06-12 12:22:39,-91,10.300000190734863,24772,2
2026-06-12 12:23:39,-87,11.800000190734863,24773,2
2026-06-12 12:24:40,-88,10.5,24774,2
2026-06-12 12:25:40,-94,8.300000190734863,24775,2
2026-06-12 12:26:40,-90,11.5,24776,2
2026-06-12 12:27:39,-87,11.800000190734863,24777,2
2026-06-12 12:28:39,-89,8.800000190734863,24778,2
2026-06-12 12:29:39,-91,10,24779,2
2026-06-12 12:30:39,-90,10.300000190734863,24780,2
2026-06-12 12:31:40,-93,8.300000190734863,24781,2
2026-06-12 12:32:39,-90,10.800000190734863,24782,2
2026-06-12 12:33:39,-90,9.5,24783,2
2026-06-12 12:34:40,-88,3.5,24784,2
2026-06-12 12:35:40,-89,10.300000190734863,24785,2
2026-06-12 12:36:40,-89,10.300000190734863,24786,2
2026-06-12 12:37:40,-89,10.800000190734863,24787,2
2026-06-12 12:38:40,-90,10,24788,2
2026-06-12 12:39:40,-91,10.800000190734863,24789,2
2026-06-12 12:40:40,-90,8,24790,2
2026-06-12 12:41:39,-91,10,24791,2
2026-06-12 12:42:39,-91,9.800000190734863,24792,2
2026-06-12 12:43:39,-88,10.5,24793,2
2026-06-12 12:44:39,-90,9.5,24794,2
2026-06-12 12:45:40,-88,10.800000190734863,24795,2
2026-06-12 12:46:40,-91,9.800000190734863,24796,2
2026-06-12 12:47:40,-90,10.800000190734863,24797,2
2026-06-12 12:48:39,-89,9.800000190734863,24798,2
2026-06-12 12:49:39,-92,9.5,24799,2
2026-06-12 12:50:40,-88,9.5,24800,2
2026-06-12 12:51:40,-90,9.800000190734863,24801,2
2026-06-12 12:52:39,-91,10.800000190734863,24802,2
2026-06-12 12:53:40,-90,9,24803,2
2026-06-12 12:54:40,-90,8.800000190734863,24804,2
2026-06-12 12:55:40,-91,9.300000190734863,24805,2
2026-06-12 12:56:39,-90,9.300000190734863,24806,2
2026-06-12 12:57:39,-89,10,24807,2
2026-06-12 12:58:40,-89,9.5,24808,2
2026-06-12 12:59:39,-91,6.300000190734863,24809,2
2026-06-12 13:00:39,-92,9.300000190734863,24810,2
2026-06-12 13:01:39,-89,9.800000190734863,24811,2
2026-06-12 13:02:39,-93,10,24812,2
2026-06-12 13:03:39,-88,6.800000190734863,24813,2
2026-06-12 13:04:39,-94,7.5,24814,2
2026-06-12 13:05:39,-88,10.5,24815,2
2026-06-12 13:06:39,-88,8.300000190734863,24816,2
2026-06-12 13:07:39,-88,11,24817,2
2026-06-12 13:08:39,-91,10,24818,2
2026-06-12 13:09:39,-90,9.300000190734863,24819,2
2026-06-12 13:10:39,-91,10.300000190734863,24820,2
2026-06-12 13:11:39,-93,11.800000190734863,24821,2
2026-06-12 13:12:40,-89,9.300000190734863,24822,2
2026-06-12 13:13:39,-91,9.5,24823,2
2026-06-12 13:14:39,-90,9.5,24824,2
2026-06-12 13:15:39,-89,9.800000190734863,24825,2
2026-06-12 13:16:40,-90,10.800000190734863,24826,2
2026-06-12 13:17:39,-93,10.300000190734863,24827,2
2026-06-12 13:18:40,-88,10.800000190734863,24828,2
2026-06-12 13:19:39,-92,9,24829,2
2026-06-12 13:20:39,-92,10,24830,2
2026-06-12 13:21:39,-88,8.300000190734863,24831,2
2026-06-12 13:22:39,-88,10.300000190734863,24832,2
2026-06-12 13:23:40,-90,11.5,24833,2
2026-06-12 13:24:39,-91,10.800000190734863,24834,2
2026-06-12 13:25:39,-87,12.800000190734863,24835,2
2026-06-12 13:26:39,-89,9.5,24836,2
2026-06-12 13:27:40,-88,9.800000190734863,24837,2
2026-06-12 13:28:39,-92,10.5,24838,2
2026-06-12 13:29:40,-88,11.800000190734863,24839,2
2026-06-12 13:30:39,-89,12,24840,2
2026-06-12 13:32:39,-92,9.800000190734863,24842,2
2026-06-12 13:33:39,-89,10.300000190734863,24843,2
2026-06-12 13:34:39,-92,9.800000190734863,24844,2
2026-06-12 13:35:40,-88,11,24845,2
2026-06-12 13:36:39,-88,10.800000190734863,24846,2
2026-06-12 13:37:39,-87,12.300000190734863,24847,2
2026-06-12 13:38:39,-93,11,24848,2
2026-06-12 13:39:39,-85,11.5,24849,2
2026-06-12 13:40:39,-87,11.5,24850,2
2026-06-12 13:41:39,-89,10.5,24851,2
2026-06-12 13:42:39,-85,12,24852,2
2026-06-12 13:43:39,-85,11.300000190734863,24853,2
2026-06-12 13:44:39,-88,11.5,24854,2
2026-06-12 13:45:39,-85,10.800000190734863,24855,2
2026-06-12 13:46:39,-88,9.800000190734863,24856,2
2026-06-12 13:47:39,-86,11,24857,2
2026-06-12 13:48:39,-91,9.800000190734863,24858,2
2026-06-12 13:49:39,-87,10.800000190734863,24859,2
2026-06-12 13:50:39,-87,10.800000190734863,24860,2
2026-06-12 13:51:39,-86,11,24861,2
2026-06-12 13:52:40,-92,10.5,24862,2
2026-06-12 13:53:40,-87,11.800000190734863,24863,2
2026-06-12 13:54:40,-87,11,24864,2
2026-06-12 13:55:39,-86,10.300000190734863,24865,2
2026-06-12 13:56:39,-89,9.300000190734863,24866,2
2026-06-12 13:57:40,-88,11.300000190734863,24867,2
2026-06-12 13:58:39,-92,10.300000190734863,24868,2
2026-06-12 13:59:40,-89,9.5,24869,2
2026-06-12 14:00:40,-89,9.800000190734863,24870,2
2026-06-12 14:01:39,-88,10.800000190734863,24871,2
2026-06-12 14:02:39,-90,10.800000190734863,24872,2
2026-06-12 14:03:39,-91,11.300000190734863,24873,2
2026-06-12 14:04:39,-89,10.800000190734863,24874,2
2026-06-12 14:05:39,-86,10.300000190734863,24875,2
2026-06-12 14:06:39,-89,12.300000190734863,24876,2
2026-06-12 14:07:39,-88,12.800000190734863,24877,2
2026-06-12 14:08:40,-93,8.5,24878,2
2026-06-12 14:09:39,-89,10.5,24879,2
2026-06-12 14:10:39,-91,8.800000190734863,24880,2
2026-06-12 14:11:39,-86,11,24881,2
2026-06-12 14:12:39,-92,9.800000190734863,24882,2
2026-06-12 14:13:39,-89,9.800000190734863,24883,2
2026-06-12 14:14:39,-88,8.800000190734863,24884,2
2026-06-12 14:15:40,-89,9.800000190734863,24885,2
2026-06-12 14:16:39,-87,11.800000190734863,24886,2
2026-06-12 14:17:40,-89,10,24887,2
2026-06-12 14:18:40,-90,9.300000190734863,24888,2
2026-06-12 14:19:39,-87,9.300000190734863,24889,2
2026-06-12 14:20:39,-90,8.300000190734863,24890,2
2026-06-12 14:21:39,-87,8.800000190734863,24891,2
2026-06-12 14:22:39,-88,9.800000190734863,24892,2
2026-06-12 14:23:40,-88,9.300000190734863,24893,2
2026-06-12 14:24:40,-89,10,24894,2
2026-06-12 14:25:39,-87,9.800000190734863,24895,2
2026-06-12 14:26:40,-87,10,24896,2
2026-06-12 14:27:40,-88,9.300000190734863,24897,2
2026-06-12 14:28:39,-89,9.300000190734863,24898,2
2026-06-12 14:29:39,-88,8.800000190734863,24899,2
2026-06-12 14:30:39,-87,9.5,24900,2
2026-06-12 14:31:39,-89,10,24901,2
2026-06-12 14:32:40,-92,9.300000190734863,24902,2
2026-06-12 14:33:39,-88,9.800000190734863,24903,2
2026-06-12 14:34:39,-94,7,24904,2
2026-06-12 14:35:39,-89,10.5,24905,2
2026-06-12 14:36:39,-90,10,24906,2
2026-06-12 14:37:39,-87,8.800000190734863,24907,2
2026-06-12 14:38:39,-86,10.5,24908,2
2026-06-12 14:39:40,-87,12,24909,2
2026-06-12 14:40:39,-91,8.5,24910,2
2026-06-12 14:41:39,-90,10.300000190734863,24911,2
2026-06-12 14:42:39,-90,9,24912,2
2026-06-12 14:43:40,-88,9.5,24913,2
2026-06-12 14:44:39,-89,11,24914,2
2026-06-12 14:45:39,-88,10.5,24915,2
2026-06-12 14:46:39,-88,11.300000190734863,24916,2
2026-06-12 14:47:39,-85,10.800000190734863,24917,2
2026-06-12 14:48:39,-87,10.300000190734863,24918,2
2026-06-12 14:49:39,-91,8.5,24919,2
2026-06-12 14:50:39,-89,10.300000190734863,24920,2
2026-06-12 14:51:39,-94,11.800000190734863,24921,2
2026-06-12 14:52:39,-92,11.5,24922,2
2026-06-12 14:53:39,-87,11.5,24923,2
2026-06-12 14:54:39,-92,11.800000190734863,24924,2
2026-06-12 14:55:39,-94,7.800000190734863,24925,2
2026-06-12 14:56:40,-89,10.300000190734863,24926,2
2026-06-12 14:57:39,-90,10,24927,2
2026-06-12 14:58:40,-88,10.5,24928,2
2026-06-12 14:59:39,-88,9.300000190734863,24929,2
2026-06-12 15:00:39,-88,10,24930,2
2026-06-12 15:01:39,-88,10.300000190734863,24931,2
2026-06-12 15:02:39,-93,11.300000190734863,24932,2
2026-06-12 15:03:39,-89,9.5,24933,2
2026-06-12 15:04:39,-89,10,24934,2
2026-06-12 15:05:39,-92,8.5,24935,2
2026-06-12 15:06:39,-90,8.300000190734863,24936,2
2026-06-12 15:07:40,-93,9,24937,2
2026-06-12 15:08:40,-87,10,24938,2
2026-06-12 15:09:39,-87,9.800000190734863,24939,2
2026-06-12 15:10:39,-90,9.5,24940,2
2026-06-12 15:11:39,-87,8.5,24941,2
2026-06-12 15:12:39,-90,9.5,24942,2
2026-06-12 15:13:40,-89,10.5,24943,2
2026-06-12 15:14:39,-90,9.5,24944,2
2026-06-12 15:15:39,-89,10.5,24945,2
2026-06-12 15:16:39,-92,6.5,24946,2
2026-06-12 15:16:39,-89,11,24946,2
2026-06-12 15:17:39,-88,11,24947,2
2026-06-12 15:18:39,-89,10.5,24948,2
2026-06-12 15:19:39,-87,10.800000190734863,24949,2
2026-06-12 15:20:39,-90,9.300000190734863,24950,2
2026-06-12 15:21:39,-89,10.5,24951,2
2026-06-12 15:22:40,-91,10.5,24952,2
2026-06-12 15:23:39,-88,9.800000190734863,24953,2
2026-06-12 15:24:39,-93,11.300000190734863,24954,2
2026-06-12 15:25:40,-92,12.300000190734863,24955,2
2026-06-12 15:26:39,-89,9.800000190734863,24956,2
2026-06-12 15:27:39,-88,10.800000190734863,24957,2
2026-06-12 15:28:39,-91,10,24958,2
2026-06-12 15:29:39,-88,11,24959,2
2026-06-12 15:30:39,-88,11.300000190734863,24960,2
2026-06-12 15:31:39,-92,12.300000190734863,24961,2
2026-06-12 15:32:39,-88,12,24962,2
2026-06-12 15:33:39,-89,10.5,24963,2
2026-06-12 15:34:39,-93,9,24964,2
2026-06-12 15:35:39,-95,9.800000190734863,24965,2
2026-06-12 15:36:39,-88,10,24966,2
2026-06-12 15:37:39,-87,11.300000190734863,24967,2
2026-06-12 15:38:39,-90,10.300000190734863,24968,2
2026-06-12 15:39:39,-92,9,24969,2
2026-06-12 15:40:39,-91,12.300000190734863,24970,2
2026-06-12 15:41:39,-87,11.5,24971,2
2026-06-12 15:42:39,-89,10.5,24972,2
2026-06-12 15:43:39,-89,9.800000190734863,24973,2
2026-06-12 15:44:39,-88,10,24974,2
2026-06-12 15:45:39,-91,10,24975,2
2026-06-12 15:46:40,-88,10.5,24976,2
2026-06-12 15:47:40,-87,10.800000190734863,24977,2
2026-06-12 15:48:39,-88,10.300000190734863,24978,2
2026-06-12 15:49:40,-89,9.5,24979,2
2026-06-12 15:50:39,-89,10.300000190734863,24980,2
2026-06-12 15:51:39,-88,10.5,24981,2
2026-06-12 15:52:39,-90,9,24982,2
2026-06-12 15:53:39,-89,10.300000190734863,24983,2
2026-06-12 15:54:39,-90,8.5,24984,2
2026-06-12 15:55:40,-89,10.300000190734863,24985,2
2026-06-12 15:56:39,-89,10.300000190734863,24986,2
2026-06-12 15:57:39,-88,8.5,24987,2
2026-06-12 15:58:39,-90,9.800000190734863,24988,2
2026-06-12 15:59:39,-88,11.5,24989,2
2026-06-12 16:00:39,-90,11,24990,2
2026-06-12 16:01:39,-92,10.5,24991,2
2026-06-12 16:02:39,-90,8.800000190734863,24992,2
2026-06-12 16:03:39,-91,8.800000190734863,24993,2
2026-06-12 16:04:39,-93,10.300000190734863,24994,2
2026-06-12 16:05:39,-89,9.800000190734863,24995,2
2026-06-12 16:06:39,-89,10,24996,2
2026-06-12 16:07:40,-88,10,24997,2
2026-06-12 16:08:39,-88,10.800000190734863,24998,2
2026-06-12 16:09:39,-88,11,24999,2
2026-06-12 16:10:39,-91,9.800000190734863,25000,2
2026-06-12 16:11:39,-93,9,25001,2
2026-06-12 16:12:39,-89,10,25002,2
2026-06-12 16:13:39,-93,8.300000190734863,25003,2
2026-06-12 16:14:39,-90,9.300000190734863,25004,2
2026-06-12 16:15:39,-90,9.5,25005,2
2026-06-12 16:16:39,-89,9.300000190734863,25006,2
2026-06-12 16:17:39,-89,10.800000190734863,25007,2
2026-06-12 16:18:40,-88,11.300000190734863,25008,2
2026-06-12 16:19:39,-92,9.300000190734863,25009,2
2026-06-12 16:20:40,-89,10.300000190734863,25010,2
2026-06-12 16:21:39,-89,9,25011,2
2026-06-12 16:22:39,-89,9.800000190734863,25012,2
2026-06-12 16:23:39,-88,10.300000190734863,25013,2
2026-06-12 16:24:40,-88,9,25014,2
2026-06-12 16:25:39,-87,10.300000190734863,25015,2
2026-06-12 16:26:40,-89,11,25016,2
2026-06-12 16:27:40,-91,11.300000190734863,25017,2
2026-06-12 16:28:39,-90,12,25018,2
2026-06-12 16:29:39,-90,9.5,25019,2
2026-06-12 16:30:40,-87,11.800000190734863,25020,2
2026-06-12 16:31:40,-87,9.5,25021,2
2026-06-12 16:32:40,-93,10.300000190734863,25022,2
2026-06-12 16:33:39,-91,9.300000190734863,25023,2
2026-06-12 16:34:39,-92,9.5,25024,2
2026-06-12 16:35:40,-90,10.800000190734863,25025,2
2026-06-12 16:36:39,-89,10.800000190734863,25026,2
2026-06-12 16:37:39,-90,8.5,25027,2
2026-06-12 16:38:39,-88,10.800000190734863,25028,2
2026-06-12 16:39:39,-86,10.5,25029,2
2026-06-12 16:40:39,-86,9.300000190734863,25030,2
2026-06-12 16:41:39,-91,11.800000190734863,25031,2
2026-06-12 16:42:39,-87,11.800000190734863,25032,2
2026-06-12 16:43:39,-88,10.800000190734863,25033,2
2026-06-12 16:44:39,-90,10.300000190734863,25034,2
2026-06-12 16:45:39,-92,10.5,25035,2
2026-06-12 16:46:39,-91,11.300000190734863,25036,2
2026-06-12 16:47:39,-88,10.5,25037,2
2026-06-12 16:48:39,-87,11.800000190734863,25038,2
2026-06-12 16:49:39,-87,10.800000190734863,25039,2
2026-06-12 16:50:40,-90,9,25040,2
2026-06-12 16:51:39,-91,8.300000190734863,25041,2
2026-06-12 16:52:40,-88,9.300000190734863,25042,2
2026-06-12 16:53:39,-88,11.5,25043,2
2026-06-12 16:54:39,-87,9.5,25044,2
2026-06-12 16:55:39,-89,9.300000190734863,25045,2
2026-06-12 16:56:39,-91,8.5,25046,2
2026-06-12 16:57:39,-88,10.300000190734863,25047,2
2026-06-12 16:58:40,-87,9.800000190734863,25048,2
2026-06-12 16:59:39,-89,9,25049,2
2026-06-12 17:00:39,-90,9,25050,2
2026-06-12 17:01:39,-87,9.5,25051,2
2026-06-12 17:02:39,-91,8.800000190734863,25052,2
2026-06-12 17:03:39,-88,10.5,25053,2
2026-06-12 17:04:39,-92,8.800000190734863,25054,2
2026-06-12 17:05:40,-90,8.800000190734863,25055,2
2026-06-12 17:06:39,-90,8.300000190734863,25056,2
2026-06-12 17:07:39,-90,8.800000190734863,25057,2
2026-06-12 17:08:39,-89,9.5,25058,2
2026-06-12 17:09:39,-90,9,25059,2
2026-06-12 17:10:39,-92,8.5,25060,2
2026-06-12 17:11:39,-88,9,25061,2
2026-06-12 17:12:39,-89,9.300000190734863,25062,2
2026-06-12 17:13:39,-90,7.800000190734863,25063,2
2026-06-12 17:14:39,-89,12.300000190734863,25064,2
2026-06-12 17:15:39,-89,10,25065,2
2026-06-12 17:16:39,-89,10.300000190734863,25066,2
2026-06-12 17:17:39,-91,9.800000190734863,25067,2
2026-06-12 17:18:39,-88,8.800000190734863,25068,2
2026-06-12 17:19:39,-89,9.800000190734863,25069,2
2026-06-12 17:20:39,-91,8.800000190734863,25070,2
2026-06-12 17:21:39,-88,9.5,25071,2
2026-06-12 17:22:39,-90,9.300000190734863,25072,2
2026-06-12 17:23:39,-90,9,25073,2
2026-06-12 17:24:39,-91,9.800000190734863,25074,2
2026-06-12 17:25:39,-88,10.300000190734863,25075,2
2026-06-12 17:26:39,-91,10.5,25076,2
2026-06-12 17:27:39,-89,10.5,25077,2
2026-06-12 17:28:39,-91,8.800000190734863,25078,2
2026-06-12 17:29:39,-94,12.300000190734863,25079,2
2026-06-12 17:30:39,-92,11.5,25080,2
2026-06-12 17:31:39,-91,9.800000190734863,25081,2
2026-06-12 17:32:39,-91,10.5,25082,2
2026-06-12 17:33:39,-90,9.5,25083,2
2026-06-12 17:34:39,-91,10.5,25084,2
2026-06-12 17:35:40,-90,9.800000190734863,25085,2
2026-06-12 17:36:39,-90,9.800000190734863,25086,2
2026-06-12 17:37:39,-89,10,25087,2
2026-06-12 17:38:39,-89,10.300000190734863,25088,2
2026-06-12 17:39:39,-90,9.5,25089,2
2026-06-12 17:40:39,-94,11.800000190734863,25090,2
2026-06-12 17:41:39,-89,11,25091,2
2026-06-12 17:42:39,-91,9,25092,2
2026-06-12 17:43:39,-92,12,25093,2
2026-06-12 17:44:39,-92,12.300000190734863,25094,2
2026-06-12 17:45:39,-92,9.300000190734863,25095,2
2026-06-12 17:46:39,-91,10.5,25096,2
2026-06-12 17:47:39,-89,9.800000190734863,25097,2
2026-06-12 17:48:39,-88,11.300000190734863,25098,2
2026-06-12 17:49:39,-91,10.800000190734863,25099,2
2026-06-12 17:50:39,-91,10.800000190734863,25100,2
2026-06-12 17:51:39,-91,11,25101,2
2026-06-12 17:52:39,-89,11.800000190734863,25102,2
2026-06-12 17:53:39,-90,9.300000190734863,25103,2
2026-06-12 17:54:39,-90,10,25104,2
2026-06-12 17:55:39,-90,11.300000190734863,25105,2
2026-06-12 17:56:39,-91,9.300000190734863,25106,2
2026-06-12 17:57:39,-90,9.5,25107,2
2026-06-12 17:58:39,-90,8.5,25108,2
2026-06-12 17:59:39,-91,10,25109,2
2026-06-12 18:00:39,-90,9,25110,2
2026-06-12 18:01:39,-91,9.800000190734863,25111,2
2026-06-12 18:02:39,-97,7.800000190734863,25112,2
2026-06-12 18:03:39,-92,9.5,25113,2
2026-06-12 18:04:39,-90,9.300000190734863,25114,2
2026-06-12 18:05:39,-91,8.300000190734863,25115,2
2026-06-12 18:06:39,-90,8.800000190734863,25116,2
2026-06-12 18:07:39,-91,10.300000190734863,25117,2
2026-06-12 18:08:39,-92,8.300000190734863,25118,2
2026-06-12 18:09:39,-90,9.300000190734863,25119,2
2026-06-12 18:10:39,-90,9,25120,2
2026-06-12 18:11:39,-91,9.300000190734863,25121,2
2026-06-12 18:12:39,-90,10,25122,2
2026-06-12 18:13:39,-90,10,25123,2
2026-06-12 18:14:39,-89,10,25124,2
2026-06-12 18:15:39,-91,10,25125,2
2026-06-12 18:16:39,-89,9.300000190734863,25126,2
2026-06-12 18:17:39,-91,9.800000190734863,25127,2
2026-06-12 18:18:39,-87,8.800000190734863,25128,2
2026-06-12 18:19:39,-90,8.800000190734863,25129,2
2026-06-12 18:20:39,-91,10.300000190734863,25130,2
2026-06-12 18:21:39,-91,11,25131,2
2026-06-12 18:22:39,-90,8.5,25132,2
2026-06-12 18:23:39,-88,8.800000190734863,25133,2
2026-06-12 18:24:39,-91,8.800000190734863,25134,2
2026-06-12 18:25:39,-90,9,25135,2
2026-06-12 18:26:39,-91,10.800000190734863,25136,2
2026-06-12 18:27:39,-90,9.5,25137,2
2026-06-12 18:28:39,-88,11.5,25138,2
2026-06-12 18:29:39,-90,9.5,25139,2
2026-06-12 18:30:39,-91,9.300000190734863,25140,2
2026-06-12 18:31:39,-92,10,25141,2
2026-06-12 18:32:39,-88,11.300000190734863,25142,2
2026-06-12 18:33:39,-90,9.5,25143,2
2026-06-12 18:34:39,-91,8.800000190734863,25144,2
2026-06-12 18:35:39,-90,7.300000190734863,25145,2
2026-06-12 18:36:39,-89,8.300000190734863,25146,2
2026-06-12 18:37:39,-90,8.5,25147,2
2026-06-12 18:38:39,-90,8.5,25148,2
2026-06-12 18:39:39,-89,10.5,25149,2
2026-06-12 18:40:39,-90,9.5,25150,2
2026-06-12 18:41:39,-92,2,25151,2
2026-06-12 18:42:39,-90,8.300000190734863,25152,2
2026-06-12 18:43:39,-88,9.800000190734863,25153,2
2026-06-12 18:44:39,-93,9.300000190734863,25154,2
2026-06-12 18:45:39,-91,8.800000190734863,25155,2
2026-06-12 18:46:39,-91,11.300000190734863,25156,2
2026-06-12 18:47:39,-93,10.5,25157,2
2026-06-12 18:48:39,-92,11,25158,2
2026-06-12 18:49:39,-89,9.300000190734863,25159,2
2026-06-12 18:50:39,-91,10,25160,2
2026-06-12 18:51:39,-90,10.300000190734863,25161,2
2026-06-12 18:52:39,-90,9.5,25162,2
2026-06-12 18:53:39,-93,8.300000190734863,25163,2
2026-06-12 18:54:39,-89,9.5,25164,2
2026-06-12 18:55:39,-90,10,25165,2
2026-06-12 18:56:39,-91,9.800000190734863,25166,2
2026-06-12 18:57:39,-92,9.800000190734863,25167,2
2026-06-12 18:58:39,-90,8.5,25168,2
2026-06-12 18:59:39,-92,9.5,25169,2
2026-06-12 19:00:39,-91,8.800000190734863,25170,2
2026-06-12 19:01:39,-89,9.300000190734863,25171,2
2026-06-12 19:02:39,-91,8.5,25172,2
2026-06-12 19:03:39,-89,9.5,25173,2
2026-06-12 19:04:39,-90,8.5,25174,2
2026-06-12 19:05:39,-90,9.300000190734863,25175,2
2026-06-12 19:06:39,-89,9.5,25176,2
2026-06-12 19:07:39,-88,9.800000190734863,25177,2
2026-06-12 19:08:39,-89,10,25178,2
2026-06-12 19:09:39,-91,10,25179,2
2026-06-12 19:10:39,-91,10.300000190734863,25180,2
2026-06-12 19:11:39,-92,10,25181,2
2026-06-12 19:12:39,-89,9.300000190734863,25182,2
2026-06-12 19:13:39,-90,10.300000190734863,25183,2
2026-06-12 19:14:39,-89,10.5,25184,2
2026-06-12 19:15:39,-89,9.800000190734863,25185,2
2026-06-12 19:16:39,-90,9.800000190734863,25186,2
2026-06-12 19:17:39,-90,9.800000190734863,25187,2
2026-06-12 19:18:39,-91,10.300000190734863,25188,2
2026-06-12 19:19:39,-91,10.800000190734863,25189,2
2026-06-12 19:20:39,-90,11.300000190734863,25190,2
2026-06-12 19:21:39,-91,11.5,25191,2
2026-06-12 19:22:39,-92,9.300000190734863,25192,2
2026-06-12 19:23:39,-90,10,25193,2
2026-06-12 19:24:39,-91,8.800000190734863,25194,2
2026-06-12 19:25:39,-92,8.800000190734863,25195,2
2026-06-12 19:26:39,-92,8.5,25196,2
2026-06-12 19:27:39,-91,9.800000190734863,25197,2
2026-06-12 19:28:39,-89,9.300000190734863,25198,2
2026-06-12 19:29:39,-89,10.300000190734863,25199,2
2026-06-12 19:30:39,-90,10,25200,2
2026-06-12 19:31:39,-91,9.800000190734863,25201,2
2026-06-12 19:32:39,-90,9.5,25202,2
2026-06-12 19:33:39,-90,10.800000190734863,25203,2
2026-06-12 19:34:39,-90,9.5,25204,2
2026-06-12 19:35:39,-89,9.5,25205,2
2026-06-12 19:36:39,-87,10,25206,2
2026-06-12 19:37:39,-89,10.5,25207,2
2026-06-12 19:38:39,-90,9.300000190734863,25208,2
2026-06-12 19:39:39,-90,10.800000190734863,25209,2
2026-06-12 19:40:39,-92,9.300000190734863,25210,2
2026-06-12 19:41:39,-92,11.5,25211,2
2026-06-12 19:42:39,-92,9.300000190734863,25212,2
2026-06-12 19:43:39,-92,11.5,25213,2
2026-06-12 19:44:39,-92,10.800000190734863,25214,2
2026-06-12 19:45:39,-91,10.5,25215,2
2026-06-12 19:46:39,-93,11.800000190734863,25216,2
2026-06-12 19:47:39,-92,11.5,25217,2
2026-06-12 19:48:39,-91,9.300000190734863,25218,2
2026-06-12 19:49:39,-89,10.300000190734863,25219,2
2026-06-12 19:50:39,-91,10.300000190734863,25220,2
2026-06-12 19:51:39,-91,10.800000190734863,25221,2
2026-06-12 19:52:39,-88,11.5,25222,2
2026-06-12 19:53:39,-90,9.5,25223,2
2026-06-12 19:54:39,-91,10.800000190734863,25224,2
2026-06-12 19:55:39,-91,10,25225,2
2026-06-12 19:56:39,-90,10.800000190734863,25226,2
2026-06-12 19:57:39,-92,12.300000190734863,25227,2
2026-06-12 19:58:39,-91,10.5,25228,2
2026-06-12 19:59:39,-90,9.300000190734863,25229,2
2026-06-12 20:00:39,-91,10.5,25230,2
2026-06-12 20:01:39,-89,10,25231,2
2026-06-12 20:02:39,-91,10.5,25232,2
2026-06-12 20:03:39,-92,9.5,25233,2
2026-06-12 20:04:39,-90,9.800000190734863,25234,2
2026-06-12 20:05:39,-91,9.300000190734863,25235,2
2026-06-12 20:06:39,-88,10.5,25236,2
2026-06-12 20:07:39,-90,9.800000190734863,25237,2
2026-06-12 20:08:39,-90,10.5,25238,2
2026-06-12 20:09:39,-87,11.800000190734863,25239,2
2026-06-12 20:10:39,-91,8.5,25240,2
2026-06-12 20:11:39,-89,9,25241,2
2026-06-12 20:12:39,-92,9.5,25242,2
2026-06-12 20:13:39,-90,10,25243,2
2026-06-12 20:14:39,-89,9.800000190734863,25244,2
2026-06-12 20:15:39,-91,11.5,25245,2
2026-06-12 20:16:39,-91,10.5,25246,2
2026-06-12 20:17:39,-92,11.5,25247,2
2026-06-12 20:18:39,-93,11.5,25248,2
2026-06-12 20:19:39,-89,9.800000190734863,25249,2
2026-06-12 20:20:39,-90,9,25250,2
2026-06-12 20:21:39,-92,10.300000190734863,25251,2
2026-06-12 20:22:39,-92,10.800000190734863,25252,2
2026-06-12 20:23:39,-92,11.300000190734863,25253,2
2026-06-12 20:24:39,-90,11.300000190734863,25254,2
2026-06-12 20:25:39,-92,9.5,25255,2
2026-06-12 20:26:39,-90,9.300000190734863,25256,2
2026-06-12 20:27:39,-90,9.300000190734863,25257,2
2026-06-12 20:28:39,-90,9.800000190734863,25258,2
2026-06-12 20:29:39,-92,9.300000190734863,25259,2
2026-06-12 20:30:39,-89,9.800000190734863,25260,2
2026-06-12 20:31:39,-89,9.300000190734863,25261,2
2026-06-12 20:32:39,-91,10,25262,2
2026-06-12 20:33:39,-89,10.5,25263,2
2026-06-12 20:34:39,-90,10,25264,2
2026-06-12 20:35:39,-90,9.5,25265,2
2026-06-12 20:36:39,-89,9.800000190734863,25266,2
2026-06-12 20:37:39,-87,9.300000190734863,25267,2
2026-06-12 20:38:39,-90,9,25268,2
2026-06-12 20:39:39,-91,11.300000190734863,25269,2
2026-06-12 20:40:39,-88,10.5,25270,2
2026-06-12 20:41:39,-89,10,25271,2
2026-06-12 20:42:39,-90,8.300000190734863,25272,2
2026-06-12 20:43:39,-91,10.300000190734863,25273,2
2026-06-12 20:44:39,-91,9.300000190734863,25274,2
2026-06-12 20:45:39,-91,10.5,25275,2
2026-06-12 20:46:39,-89,10.300000190734863,25276,2
2026-06-12 20:47:39,-91,10.5,25277,2
2026-06-12 20:48:39,-91,10.300000190734863,25278,2
2026-06-12 20:49:39,-88,11.300000190734863,25279,2
2026-06-12 20:50:39,-89,9.800000190734863,25280,2
2026-06-12 20:51:39,-89,10.300000190734863,25281,2
2026-06-12 20:52:39,-90,9.5,25282,2
2026-06-12 20:53:39,-89,10.300000190734863,25283,2
2026-06-12 20:54:39,-90,9.5,25284,2
2026-06-12 20:55:39,-89,10,25285,2
2026-06-12 20:56:39,-89,9.800000190734863,25286,2
2026-06-12 20:57:39,-90,11.300000190734863,25287,2
2026-06-12 20:58:39,-90,10.800000190734863,25288,2
2026-06-12 20:59:39,-90,9.5,25289,2
2026-06-12 21:00:39,-90,9.5,25290,2
2026-06-12 21:01:39,-90,9.5,25291,2
2026-06-12 21:02:39,-90,9.5,25292,2
2026-06-12 21:03:39,-91,8.5,25293,2
2026-06-12 21:04:39,-90,10.5,25294,2
2026-06-12 21:05:39,-91,8.800000190734863,25295,2
2026-06-12 21:06:39,-89,9.800000190734863,25296,2
2026-06-12 21:07:39,-90,9.5,25297,2
2026-06-12 21:08:39,-89,8.5,25298,2
2026-06-12 21:09:39,-91,10.800000190734863,25299,2
2026-06-12 21:10:39,-89,9.5,25300,2
2026-06-12 21:11:39,-92,11,25301,2
2026-06-12 21:12:39,-92,12.300000190734863,25302,2
2026-06-12 21:13:39,-91,11.800000190734863,25303,2
2026-06-12 21:14:39,-91,11.5,25304,2
2026-06-12 21:15:39,-89,11.800000190734863,25305,2
2026-06-12 21:16:39,-88,10.5,25306,2
2026-06-12 21:17:39,-88,10.800000190734863,25307,2
2026-06-12 21:18:39,-89,10.300000190734863,25308,2
2026-06-12 21:19:39,-89,11,25309,2
2026-06-12 21:20:39,-88,10.300000190734863,25310,2
2026-06-12 21:21:39,-88,10.800000190734863,25311,2
2026-06-12 21:22:39,-88,10.800000190734863,25312,2
2026-06-12 21:23:39,-89,9,25313,2
2026-06-12 21:24:39,-89,9.300000190734863,25314,2
2026-06-12 21:25:39,-88,10.800000190734863,25315,2
2026-06-12 21:26:39,-89,10,25316,2
2026-06-12 21:27:39,-88,10.300000190734863,25317,2
2026-06-12 21:28:39,-89,8,25318,2
2026-06-12 21:29:39,-89,10.300000190734863,25319,2
2026-06-12 21:30:39,-89,10,25320,2
2026-06-12 21:31:39,-89,10.300000190734863,25321,2
2026-06-12 21:32:39,-88,9.300000190734863,25322,2
2026-06-12 21:33:39,-89,9.800000190734863,25323,2
2026-06-12 21:34:39,-89,10.300000190734863,25324,2
2026-06-12 21:35:39,-89,10.300000190734863,25325,2
2026-06-12 21:36:39,-89,9.5,25326,2
2026-06-12 21:37:39,-89,10,25327,2
2026-06-12 21:38:39,-89,9.5,25328,2
2026-06-12 21:39:39,-88,10.5,25329,2
2026-06-12 21:40:39,-89,9.800000190734863,25330,2
2026-06-12 21:41:39,-90,9,25331,2
2026-06-12 21:42:39,-89,8.300000190734863,25332,2
2026-06-12 21:43:39,-90,9,25333,2
2026-06-12 21:44:39,-89,9.5,25334,2
2026-06-12 21:45:39,-90,9,25335,2
2026-06-12 21:46:39,-89,9.800000190734863,25336,2
2026-06-12 21:47:39,-91,10.300000190734863,25337,2
2026-06-12 21:48:39,-92,11,25338,2
2026-06-12 21:49:39,-90,9.300000190734863,25339,2
2026-06-12 21:50:39,-91,10.800000190734863,25340,2
2026-06-12 21:51:39,-90,9.5,25341,2
2026-06-12 21:52:39,-91,10.800000190734863,25342,2
2026-06-12 21:53:39,-90,8.5,25343,2
2026-06-12 21:54:39,-90,8.5,25344,2
2026-06-12 21:55:39,-90,9.300000190734863,25345,2
2026-06-12 21:56:39,-90,9.800000190734863,25346,2
2026-06-12 21:57:39,-91,10.300000190734863,25347,2
2026-06-12 21:58:39,-92,12,25348,2
2026-06-12 21:59:39,-91,10.300000190734863,25349,2
2026-06-12 22:00:39,-90,9,25350,2
2026-06-12 22:01:39,-90,8.800000190734863,25351,2
2026-06-12 22:02:39,-90,9.300000190734863,25352,2
2026-06-12 22:03:39,-90,8.800000190734863,25353,2
2026-06-12 22:04:39,-90,9.5,25354,2
2026-06-12 22:05:39,-91,9.5,25355,2
2026-06-12 22:06:39,-90,8.800000190734863,25356,2
2026-06-12 22:07:39,-91,8.5,25357,2
2026-06-12 22:08:39,-92,11,25358,2
2026-06-12 22:09:39,-90,9.300000190734863,25359,2
2026-06-12 22:10:39,-90,9.5,25360,2
2026-06-12 22:11:39,-91,9.5,25361,2
2026-06-12 22:12:39,-89,9.800000190734863,25362,2
2026-06-12 22:13:39,-90,9.300000190734863,25363,2
2026-06-12 22:14:39,-90,9.800000190734863,25364,2
2026-06-12 22:15:39,-90,9.300000190734863,25365,2
2026-06-12 22:16:39,-90,11.5,25366,2
2026-06-12 22:17:39,-90,8.800000190734863,25367,2
2026-06-12 22:18:39,-90,9.5,25368,2
2026-06-12 22:19:39,-90,7.5,25369,2
2026-06-12 22:20:39,-90,8.5,25370,2
2026-06-12 22:21:39,-90,9,25371,2
2026-06-12 22:22:39,-90,9.300000190734863,25372,2
2026-06-12 22:23:39,-90,9.300000190734863,25373,2
2026-06-12 22:24:39,-90,8.5,25374,2
2026-06-12 22:25:39,-90,10.800000190734863,25375,2
2026-06-12 22:26:39,-90,9,25376,2
2026-06-12 22:27:39,-89,8.300000190734863,25377,2
2026-06-12 22:28:39,-90,9.300000190734863,25378,2
2026-06-12 22:29:39,-90,9,25379,2
2026-06-12 22:30:39,-90,10.5,25380,2
2026-06-12 22:31:39,-90,9.5,25381,2
2026-06-12 22:32:39,-91,10,25382,2
2026-06-12 22:33:39,-92,10,25383,2
2026-06-12 22:34:39,-90,9.300000190734863,25384,2
2026-06-12 22:35:39,-92,11.300000190734863,25385,2
2026-06-12 22:36:39,-90,11.300000190734863,25386,2
2026-06-12 22:37:39,-90,8.5,25387,2
2026-06-12 22:38:39,-90,9.800000190734863,25388,2
2026-06-12 22:39:39,-90,9.5,25389,2
2026-06-12 22:40:39,-90,9.300000190734863,25390,2
2026-06-12 22:41:39,-90,10.5,25391,2
2026-06-12 22:42:39,-91,9,25392,2
2026-06-12 22:43:39,-90,8.800000190734863,25393,2
2026-06-12 22:44:39,-92,10.800000190734863,25394,2
2026-06-12 22:45:39,-92,10.300000190734863,25395,2
2026-06-12 22:46:39,-92,10,25396,2
2026-06-12 22:47:39,-90,10,25397,2
2026-06-12 22:48:39,-91,10.300000190734863,25398,2
2026-06-12 22:49:39,-91,10,25399,2
2026-06-12 22:50:39,-91,10.300000190734863,25400,2
2026-06-12 22:51:39,-92,9.800000190734863,25401,2
2026-06-12 22:52:39,-91,10.300000190734863,25402,2
2026-06-12 22:53:39,-91,8.5,25403,2
2026-06-12 22:54:39,-91,11,25404,2
2026-06-12 22:55:39,-91,10,25405,2
2026-06-12 22:56:39,-92,9.300000190734863,25406,2
2026-06-12 22:57:39,-90,10,25407,2
2026-06-12 22:58:39,-91,9.800000190734863,25408,2
2026-06-12 22:59:39,-91,10.5,25409,2
2026-06-12 23:00:39,-91,10.800000190734863,25410,2
2026-06-12 23:01:39,-90,9.300000190734863,25411,2
2026-06-12 23:02:39,-90,11.300000190734863,25412,2
2026-06-12 23:03:39,-91,10,25413,2
2026-06-12 23:04:39,-94,12,25414,2
2026-06-12 23:05:39,-90,9.5,25415,2
2026-06-12 23:06:39,-90,9.300000190734863,25416,2
2026-06-12 23:07:39,-91,10,25417,2
2026-06-12 23:08:39,-91,8.5,25418,2
2026-06-12 23:09:39,-91,10.800000190734863,25419,2
2026-06-12 23:10:39,-90,8.800000190734863,25420,2
2026-06-12 23:11:39,-90,9.5,25421,2
2026-06-12 23:12:39,-91,8.800000190734863,25422,2
2026-06-12 23:13:39,-90,8.5,25423,2
2026-06-12 23:14:39,-90,9.5,25424,2
2026-06-12 23:15:39,-91,10.800000190734863,25425,2
2026-06-12 23:16:39,-91,9.300000190734863,25426,2
2026-06-12 23:17:39,-91,9.5,25427,2
2026-06-12 23:18:39,-91,8.5,25428,2
2026-06-12 23:19:39,-91,8.800000190734863,25429,2
2026-06-12 23:20:39,-91,10,25430,2
2026-06-12 23:21:39,-91,9,25431,2
2026-06-12 23:22:39,-91,8.300000190734863,25432,2
2026-06-12 23:23:39,-90,8.5,25433,2
2026-06-12 23:24:39,-90,9.300000190734863,25434,2
2026-06-12 23:25:39,-91,9.300000190734863,25435,2
2026-06-12 23:26:39,-92,11.300000190734863,25436,2
2026-06-12 23:27:39,-91,9.300000190734863,25437,2
2026-06-12 23:28:39,-90,9.5,25438,2
2026-06-12 23:29:39,-90,9.5,25439,2
2026-06-12 23:30:39,-90,9.5,25440,2
2026-06-12 23:31:39,-91,9.300000190734863,25441,2
2026-06-12 23:32:39,-91,10.800000190734863,25442,2
2026-06-12 23:33:39,-90,11.5,25443,2
2026-06-12 23:34:39,-90,9.300000190734863,25444,2
2026-06-12 23:35:39,-90,10,25445,2
2026-06-12 23:36:39,-91,9.800000190734863,25446,2
2026-06-12 23:37:39,-91,8.800000190734863,25447,2
2026-06-12 23:38:39,-89,10.300000190734863,25448,2
2026-06-12 23:39:39,-90,9.300000190734863,25449,2
2026-06-12 23:40:39,-90,10,25450,2
2026-06-12 23:41:39,-90,11.800000190734863,25451,2
2026-06-12 23:42:39,-90,9.300000190734863,25452,2
2026-06-12 23:43:39,-90,8.5,25453,2
2026-06-12 23:44:39,-90,9.5,25454,2
2026-06-12 23:45:39,-90,9,25455,2
2026-06-12 23:46:39,-90,9.800000190734863,25456,2
2026-06-12 23:47:39,-90,9.800000190734863,25457,2
2026-06-12 23:48:39,-82,-8.5,25458,2
2026-06-12 23:49:39,-91,6,25459,2
2026-06-12 23:50:39,-90,9.5,25460,2
2026-06-12 23:51:39,-91,10.800000190734863,25461,2
2026-06-12 23:52:39,-91,8.800000190734863,25462,2
2026-06-12 23:53:39,-90,7,25463,2
2026-06-12 23:54:39,-92,11.300000190734863,25464,2
2026-06-12 23:55:39,-90,9,25465,2
2026-06-12 23:56:40,-91,8.800000190734863,25466,2
2026-06-12 23:57:39,-90,9.300000190734863,25467,2
2026-06-12 23:58:39,-90,10,25468,2
2026-06-12 23:59:39,-91,10.300000190734863,25469,2