"Nº","Data e Hora (America/Sao_Paulo)","Temperatura OWM (°C)","Umidade OWM (%)","Pressão OWM (hPa)","Vento (m/s)","Direção Vento (°)","Nuvens (%)","Chuva 1h (mm)","Latitude (°)","Longitude (°)"
"1","2026-06-06 00:07:49","13.62","88","1024","2.88","116","37","0","-22.8215","-47.0694"
"2","2026-06-06 00:17:49","13.62","88","1024","2.88","116","37","0","-22.8215","-47.0694"
"3","2026-06-06 00:27:49","13.62","88","1024","2.88","116","37","0","-22.8215","-47.0694"
"4","2026-06-06 00:37:49","13.62","88","1024","2.88","116","37","0","-22.8215","-47.0694"
"5","2026-06-06 00:47:49","13.62","88","1022","2.57","101","53","0","-22.8215","-47.0694"
"6","2026-06-06 00:57:49","13.62","88","1022","2.57","101","53","0","-22.8215","-47.0694"
"7","2026-06-06 01:07:49","13.62","88","1022","2.57","101","53","0","-22.8215","-47.0694"
"8","2026-06-06 01:17:49","13.62","89","1023","2.57","101","53","0","-22.8215","-47.0694"
"9","2026-06-06 01:27:49","13.62","89","1023","2.57","101","53","0","-22.8215","-47.0694"
"10","2026-06-06 01:37:49","13.62","89","1022","1.78","120","62","0","-22.8215","-47.0694"
"11","2026-06-06 01:47:49","13.62","89","1022","1.78","120","62","0","-22.8215","-47.0694"
"12","2026-06-06 01:57:49","13.62","89","1022","1.78","120","62","0","-22.8215","-47.0694"
"13","2026-06-06 02:07:49","13.07","89","1022","1.78","120","62","0","-22.8215","-47.0694"
"14","2026-06-06 02:17:49","13.07","89","1022","1.78","120","62","0","-22.8215","-47.0694"
"15","2026-06-06 02:27:49","13.07","89","1022","1.78","120","62","0","-22.8215","-47.0694"
"16","2026-06-06 02:37:49","13.07","89","1022","1.78","120","62","0","-22.8215","-47.0694"
"17","2026-06-06 02:47:49","13.07","89","1021","1.59","128","62","0","-22.8215","-47.0694"
"18","2026-06-06 02:57:49","13.07","89","1021","1.59","128","62","0","-22.8215","-47.0694"
"19","2026-06-06 03:07:49","12.51","88","1021","1.94","131","56","0","-22.8215","-47.0694"
"20","2026-06-06 03:17:49","12.51","88","1023","1.94","131","56","0","-22.8215","-47.0694"
"21","2026-06-06 03:27:49","12.51","88","1023","1.94","131","56","0","-22.8215","-47.0694"
"22","2026-06-06 03:37:49","12.51","88","1022","2.22","113","0","0","-22.8215","-47.0694"
"23","2026-06-06 03:47:49","12.51","88","1022","2.22","113","0","0","-22.8215","-47.0694"
"24","2026-06-06 03:57:49","12.51","88","1022","2.22","113","0","0","-22.8215","-47.0694"
"25","2026-06-06 04:07:49","12.51","88","1022","2.22","113","0","0","-22.8215","-47.0694"
"26","2026-06-06 04:17:49","11.96","91","1022","2.22","113","0","0","-22.8215","-47.0694"
"27","2026-06-06 04:27:49","11.96","91","1022","2.22","113","0","0","-22.8215","-47.0694"
"28","2026-06-06 04:37:49","11.96","91","1021","1.89","103","0","0","-22.8215","-47.0694"
"29","2026-06-06 04:47:49","11.96","91","1021","1.89","103","0","0","-22.8215","-47.0694"
"30","2026-06-06 04:57:49","11.96","91","1021","1.89","103","0","0","-22.8215","-47.0694"
"31","2026-06-06 05:07:49","12.51","89","1022","1.89","103","0","0","-22.8215","-47.0694"
"32","2026-06-06 05:17:49","12.51","89","1022","1.89","103","0","0","-22.8215","-47.0694"
"33","2026-06-06 05:27:49","12.51","89","1022","1.89","103","0","0","-22.8215","-47.0694"
"34","2026-06-06 05:37:49","12.51","89","1021","1.55","100","0","0","-22.8215","-47.0694"
"35","2026-06-06 05:47:49","12.51","89","1021","1.55","100","0","0","-22.8215","-47.0694"
"36","2026-06-06 05:57:49","12.51","89","1021","1.55","100","0","0","-22.8215","-47.0694"
"37","2026-06-06 06:07:49","12.51","89","1021","1.55","100","0","0","-22.8215","-47.0694"
"38","2026-06-06 06:17:49","11.96","90","1022","1.55","100","0","0","-22.8215","-47.0694"
"39","2026-06-06 06:27:49","11.96","90","1022","1.55","100","0","0","-22.8215","-47.0694"
"40","2026-06-06 06:37:49","11.96","90","1022","1.38","95","0","0","-22.8215","-47.0694"
"41","2026-06-06 06:47:49","11.96","90","1022","1.38","95","0","0","-22.8215","-47.0694"
"42","2026-06-06 06:57:49","11.96","90","1022","1.38","95","0","0","-22.8215","-47.0694"
"43","2026-06-06 07:07:49","11.96","90","1022","1.38","95","0","0","-22.8215","-47.0694"
"44","2026-06-06 07:17:49","11.4","90","1023","1.38","95","0","0","-22.8215","-47.0694"
"45","2026-06-06 07:27:49","11.4","90","1023","1.38","95","0","0","-22.8215","-47.0694"
"46","2026-06-06 07:37:49","11.4","90","1022","1.03","62","0","0","-22.8215","-47.0694"
"47","2026-06-06 07:47:49","11.4","90","1022","1.03","62","0","0","-22.8215","-47.0694"
"48","2026-06-06 07:57:49","11.4","90","1022","1.03","62","0","0","-22.8215","-47.0694"
"49","2026-06-06 08:07:49","11.4","90","1022","1.03","62","0","0","-22.8215","-47.0694"
"50","2026-06-06 08:17:49","12.51","84","1023","1.03","62","0","0","-22.8215","-47.0694"
"51","2026-06-06 08:27:49","12.51","84","1023","1.03","62","0","0","-22.8215","-47.0694"
"52","2026-06-06 08:37:49","12.51","84","1022","0.93","18","0","0","-22.8215","-47.0694"
"53","2026-06-06 08:47:49","12.51","84","1022","0.93","18","0","0","-22.8215","-47.0694"
"54","2026-06-06 08:57:49","12.51","84","1022","1.02","11","0","0","-22.8215","-47.0694"
"55","2026-06-06 09:07:49","12.51","84","1022","1.02","11","0","0","-22.8215","-47.0694"
"56","2026-06-06 09:17:49","21.79","53","1021","1.02","11","0","0","-22.8215","-47.0694"
"57","2026-06-06 09:27:49","21.79","53","1021","1.02","11","0","0","-22.8215","-47.0694"
"58","2026-06-06 09:37:49","20.53","55","1021","1.49","317","0","0","-22.8215","-47.0694"
"59","2026-06-06 09:47:49","20.53","55","1021","1.49","317","0","0","-22.8215","-47.0694"
"60","2026-06-06 09:57:49","21.11","55","1021","1.49","317","0","0","-22.8215","-47.0694"
"61","2026-06-06 10:07:49","21.11","54","1021","1.49","317","0","0","-22.8215","-47.0694"
"62","2026-06-06 10:17:49","21.11","54","1021","1.49","317","0","0","-22.8215","-47.0694"
"63","2026-06-06 10:27:49","20.37","50","1020","1.49","317","0","0","-22.8215","-47.0694"
"64","2026-06-06 10:37:49","21.9","49","1021","1.9","314","0","0","-22.8215","-47.0694"
"65","2026-06-06 10:47:49","21.9","49","1021","1.9","314","0","0","-22.8215","-47.0694"
"66","2026-06-06 10:57:49","21.83","46","1021","1.9","314","0","0","-22.8215","-47.0694"
"67","2026-06-06 11:07:49","21.83","46","1021","1.9","314","0","0","-22.8215","-47.0694"
"68","2026-06-06 11:17:49","21.83","46","1022","1.9","314","0","0","-22.8215","-47.0694"
"69","2026-06-06 11:27:49","21.27","48","1022","1.9","314","0","0","-22.8215","-47.0694"
"70","2026-06-06 11:37:49","21.27","48","1022","1.9","314","0","0","-22.8215","-47.0694"
"71","2026-06-06 11:47:49","22.38","46","1020","1.9","315","0","0","-22.8215","-47.0694"
"72","2026-06-06 11:57:49","22.38","46","1020","1.9","315","0","0","-22.8215","-47.0694"
"73","2026-06-06 12:07:49","21.83","46","1020","1.9","315","0","0","-22.8215","-47.0694"
"74","2026-06-06 12:17:49","21.83","46","1020","1.9","315","0","0","-22.8215","-47.0694"
"75","2026-06-06 12:27:49","21.83","44","1021","1.9","315","0","0","-22.8215","-47.0694"
"76","2026-06-06 12:37:49","21.83","44","1019","2.09","301","0","0","-22.8215","-47.0694"
"77","2026-06-06 12:47:49","21.83","44","1019","2.09","301","0","0","-22.8215","-47.0694"
"78","2026-06-06 12:57:49","22.38","44","1019","2.09","301","0","0","-22.8215","-47.0694"
"79","2026-06-06 13:07:49","23.13","43","1020","2.09","301","0","0","-22.8215","-47.0694"
"80","2026-06-06 13:17:49","23.13","43","1019","2.09","301","0","0","-22.8215","-47.0694"
"81","2026-06-06 13:27:49","23.35","42","1019","2.09","301","0","0","-22.8215","-47.0694"
"82","2026-06-06 13:37:49","23.35","42","1019","2.09","301","0","0","-22.8215","-47.0694"
"83","2026-06-06 13:47:49","23.35","42","1018","2.1","285","0","0","-22.8215","-47.0694"
"84","2026-06-06 13:57:49","23.35","42","1018","2.1","285","0","0","-22.8215","-47.0694"
"85","2026-06-06 14:07:49","23.24","41","1018","2.1","285","0","0","-22.8215","-47.0694"
"86","2026-06-06 14:17:49","23.24","41","1018","2.1","285","0","0","-22.8215","-47.0694"
"87","2026-06-06 14:27:49","23.24","41","1018","2.1","285","0","0","-22.8215","-47.0694"
"88","2026-06-06 14:37:49","23.24","41","1018","2.1","285","0","0","-22.8215","-47.0694"
"89","2026-06-06 14:47:49","23.24","41","1017","1.83","267","0","0","-22.8215","-47.0694"
"90","2026-06-06 14:57:49","23.24","41","1017","1.87","263","0","0","-22.8215","-47.0694"
"91","2026-06-06 15:07:49","23.24","41","1017","1.87","263","0","0","-22.8215","-47.0694"
"92","2026-06-06 15:17:49","23.46","39","1017","1.87","263","0","0","-22.8215","-47.0694"
"93","2026-06-06 15:27:49","23.46","39","1017","1.87","263","0","0","-22.8215","-47.0694"
"94","2026-06-06 15:37:49","23.46","40","1017","1.59","255","0","0","-22.8215","-47.0694"
"95","2026-06-06 15:47:49","23.68","40","1017","1.59","255","0","0","-22.8215","-47.0694"
"96","2026-06-06 15:57:49","23.68","40","1017","1.59","255","0","0","-22.8215","-47.0694"
"97","2026-06-06 16:07:49","23.68","42","1017","1.59","255","0","0","-22.8215","-47.0694"
"98","2026-06-06 16:17:49","23.68","42","1017","1.59","255","0","0","-22.8215","-47.0694"
"99","2026-06-06 16:27:49","23.68","41","1017","1.59","255","0","0","-22.8215","-47.0694"
"100","2026-06-06 16:37:49","23.68","41","1017","1.59","255","0","0","-22.8215","-47.0694"
"101","2026-06-06 16:47:49","23.07","45","1017","1.28","230","0","0","-22.8215","-47.0694"
"102","2026-06-06 16:57:49","23.07","45","1017","1.28","230","0","0","-22.8215","-47.0694"
"103","2026-06-06 17:07:49","23.07","45","1017","1.28","230","0","0","-22.8215","-47.0694"
"104","2026-06-06 17:17:49","22.78","44","1017","1.28","230","0","0","-22.8215","-47.0694"
"105","2026-06-06 17:27:49","22.78","44","1017","1.28","230","0","0","-22.8215","-47.0694"
"106","2026-06-06 17:37:49","22.78","49","1017","0.97","209","0","0","-22.8215","-47.0694"
"107","2026-06-06 17:47:49","22.78","49","1017","0.97","209","0","0","-22.8215","-47.0694"
"108","2026-06-06 17:57:49","18.08","49","1017","0.97","209","0","0","-22.8215","-47.0694"
"109","2026-06-06 18:07:49","18.08","49","1017","0.97","209","0","0","-22.8215","-47.0694"
"110","2026-06-06 18:17:49","17.94","47","1018","0.97","209","0","0","-22.8215","-47.0694"
"111","2026-06-06 18:27:49","17.94","47","1018","0.97","209","0","0","-22.8215","-47.0694"
"112","2026-06-06 18:37:49","17.94","47","1018","0.97","209","0","0","-22.8215","-47.0694"
"113","2026-06-06 18:47:49","17.32","52","1018","0.98","162","0","0","-22.8215","-47.0694"
"114","2026-06-06 18:57:49","17.32","52","1018","0.98","162","0","0","-22.8215","-47.0694"
"115","2026-06-06 19:07:49","17.46","50","1018","0.98","162","0","0","-22.8215","-47.0694"
"116","2026-06-06 19:17:49","17.46","50","1018","0.98","162","0","0","-22.8215","-47.0694"
"117","2026-06-06 19:27:49","17.3","55","1019","0.98","162","0","0","-22.8215","-47.0694"
"118","2026-06-06 19:37:49","17.3","55","1019","0.98","162","0","0","-22.8215","-47.0694"
"119","2026-06-06 19:47:49","16.9","61","1018","1.5","120","0","0","-22.8215","-47.0694"
"120","2026-06-06 19:57:49","16.9","61","1018","1.5","120","0","0","-22.8215","-47.0694"
"121","2026-06-06 20:07:49","16.88","62","1018","1.5","120","0","0","-22.8215","-47.0694"
"122","2026-06-06 20:17:49","16.88","62","1018","1.5","120","0","0","-22.8215","-47.0694"
"123","2026-06-06 20:27:49","16.88","62","1018","1.5","120","0","0","-22.8215","-47.0694"
"124","2026-06-06 20:37:49","16.42","64","1019","1.74","118","0","0","-22.8215","-47.0694"
"125","2026-06-06 20:47:49","16.34","64","1019","1.74","118","0","0","-22.8215","-47.0694"
"126","2026-06-06 20:57:49","16.34","64","1019","1.74","118","0","0","-22.8215","-47.0694"
"127","2026-06-06 21:07:49","16.34","64","1019","1.68","119","0","0","-22.8215","-47.0694"
"128","2026-06-06 21:17:49","16.34","64","1019","1.68","119","0","0","-22.8215","-47.0694"
"129","2026-06-06 21:27:49","16.09","67","1019","1.68","119","0","0","-22.8215","-47.0694"
"130","2026-06-06 21:37:49","16.09","67","1019","1.68","119","0","0","-22.8215","-47.0694"
"131","2026-06-06 21:47:49","15.75","67","1019","1.91","110","0","0","-22.8215","-47.0694"
"132","2026-06-06 21:57:49","15.75","67","1019","1.91","110","0","0","-22.8215","-47.0694"
"133","2026-06-06 22:07:49","15.75","67","1019","1.91","110","0","0","-22.8215","-47.0694"
"134","2026-06-06 22:17:49","15.57","69","1020","1.91","110","0","0","-22.8215","-47.0694"
"135","2026-06-06 22:27:49","15.57","69","1020","1.91","110","0","0","-22.8215","-47.0694"
"136","2026-06-06 22:37:49","15.57","69","1020","1.91","110","0","0","-22.8215","-47.0694"
"137","2026-06-06 22:47:49","14.84","70","1019","1.62","109","0","0","-22.8215","-47.0694"
"138","2026-06-06 22:57:49","14.84","70","1019","1.62","109","0","0","-22.8215","-47.0694"
"139","2026-06-06 23:07:49","14.85","72","1020","1.62","109","0","0","-22.8215","-47.0694"
"140","2026-06-06 23:17:49","14.85","72","1020","1.62","109","0","0","-22.8215","-47.0694"
"141","2026-06-06 23:27:49","14.89","72","1020","1.62","109","0","0","-22.8215","-47.0694"
"142","2026-06-06 23:37:49","14.89","72","1020","1.62","109","0","0","-22.8215","-47.0694"
"143","2026-06-06 23:47:49","14.58","73","1019","1.15","101","0","0","-22.8215","-47.0694"
"144","2026-06-06 23:57:49","14.58","73","1019","1.15","101","0","0","-22.8215","-47.0694"
