"Nº";"Data e Hora (America/Sao_Paulo)";"Temperatura (°C)";"Umidade Relativa (%)";"Pressão Atmosférica (hPa)";"Tensão do Sistema (mV)";"Luminosidade (lux)";"Latitude (°)";"Longitude (°)";"Altitude (m)";"RSSI (dBm)";"SNR (dB)";"Frame Counter";"Timestamp Aquisição (ms)"
"1";"2026-05-19 13:02:07";"25.49";"60.5";"949.8000000000001";"3900";"";"";"";"";"-91";"12.800000190734863";"16579";"1779206527190"
"2";"2026-05-19 13:02:57";"25.69";"61.5";"949.82";"3900";"";"-22.82215118408203";"-47.06568145751953";"630.2";"-92";"12.800000190734863";"16580";"1779206577821"
"3";"2026-05-19 13:03:57";"25.89";"61.5";"949.8000000000001";"3880";"";"-22.82213020324707";"-47.065670013427734";"619.5";"-90";"13";"16581";"1779206637812"
"4";"2026-05-19 13:04:57";"26.07";"61";"949.7";"3860";"";"-22.822174072265625";"-47.06565475463867";"607";"-91";"12.800000190734863";"16582";"1779206697819"
"5";"2026-05-19 13:05:57";"26.17";"61";"949.72";"3880";"";"-22.822189331054688";"-47.06564712524414";"607.4";"-92";"12.800000190734863";"16583";"1779206757818"
"6";"2026-05-19 13:06:57";"26.32";"61";"949.66";"3920";"";"-22.822126388549805";"-47.06564712524414";"615.4000000000001";"-91";"12.5";"16584";"1779206817824"
"7";"2026-05-19 13:07:57";"26.55";"60.5";"949.66";"3900";"";"-22.822114944458008";"-47.065677642822266";"619.2";"-91";"13";"16585";"1779206877825"
"8";"2026-05-19 13:08:57";"26.72";"60";"949.72";"3900";"";"-22.822111129760742";"-47.0656623840332";"611.7";"-92";"12.5";"16586";"1779206937793"
"9";"2026-05-19 13:09:57";"26.76";"60";"949.6800000000001";"3920";"";"-22.822153091430664";"-47.0656852722168";"611.2";"-91";"12.800000190734863";"16587";"1779206997828"
"10";"2026-05-19 13:10:57";"26.78";"60.5";"949.64";"3880";"";"-22.82218360900879";"-47.065738677978516";"606.2";"-91";"13";"16588";"1779207057821"
"11";"2026-05-19 13:11:57";"26.78";"60.5";"949.6";"3860";"";"-22.822132110595703";"-47.065677642822266";"609.9";"-91";"12.800000190734863";"16589";"1779207117819"
"12";"2026-05-19 13:12:57";"26.71";"61";"949.64";"3880";"";"-22.822128295898438";"-47.06566619873047";"613.9";"-91";"12.5";"16590";"1779207177812"
"13";"2026-05-19 13:13:57";"26.65";"61";"949.7";"3900";"";"-22.822086334228516";"-47.065650939941406";"619.9000000000001";"-90";"13.5";"16591";"1779207237822"
"14";"2026-05-19 13:14:57";"26.62";"61";"949.74";"3860";"";"-22.822118759155273";"-47.065643310546875";"617.7";"-91";"12.5";"16592";"1779207297809"
"15";"2026-05-19 13:15:57";"26.5";"61.5";"949.6800000000001";"3860";"";"-22.822139739990234";"-47.06565856933594";"619.2";"-92";"12.800000190734863";"16593";"1779207357821"
"16";"2026-05-19 13:16:57";"26.33";"62";"949.64";"3880";"";"-22.822128295898438";"-47.0656623840332";"619.2";"-92";"13";"16594";"1779207417819"
"17";"2026-05-19 13:17:57";"26.13";"62.5";"949.6800000000001";"3860";"";"-22.82215118408203";"-47.065673828125";"619.9000000000001";"-92";"12.800000190734863";"16595";"1779207477816"
"18";"2026-05-19 13:18:57";"26.06";"63";"949.62";"3860";"";"-22.822189331054688";"-47.0656623840332";"618";"-91";"12.800000190734863";"16596";"1779207537812"
"19";"2026-05-19 13:19:57";"26.04";"63";"949.6";"3880";"";"-22.822158813476562";"-47.06565475463867";"617.5";"-93";"12.800000190734863";"16597";"1779207597815"
"20";"2026-05-19 13:20:57";"26.02";"63";"949.58";"3880";"";"-22.82216453552246";"-47.0656623840332";"619";"-92";"12.5";"16598";"1779207657816"
"21";"2026-05-19 13:21:57";"25.98";"63";"949.58";"3860";"";"-22.822158813476562";"-47.06565856933594";"615.2";"-91";"12.800000190734863";"16599";"1779207717815"
"22";"2026-05-19 13:22:57";"25.89";"63.5";"949.58";"3880";"";"-22.822126388549805";"-47.06562805175781";"626.4000000000001";"-93";"12.5";"16600";"1779207777821"
"23";"2026-05-19 13:23:57";"25.79";"63.5";"949.58";"3880";"";"-22.82212257385254";"-47.065643310546875";"625.5";"-92";"12.5";"16601";"1779207837802"
"24";"2026-05-19 13:24:57";"25.73";"64";"949.5600000000001";"3860";"";"-22.82212257385254";"-47.065635681152344";"616";"-92";"12.5";"16602";"1779207897821"
"25";"2026-05-19 13:25:57";"25.72";"64";"949.6";"3880";"";"-22.822132110595703";"-47.06562042236328";"615.2";"-91";"12.800000190734863";"16603";"1779207957814"
"26";"2026-05-19 13:26:57";"25.73";"64";"949.58";"3880";"";"-22.82212257385254";"-47.06562805175781";"613.5";"-91";"13.300000190734863";"16604";"1779208017823"
"27";"2026-05-19 13:27:57";"25.68";"64";"949.54";"3880";"";"-22.822111129760742";"-47.06562805175781";"610";"-92";"13";"16605";"1779208077825"
"28";"2026-05-19 13:28:57";"25.61";"64";"949.58";"3860";"";"-22.822111129760742";"-47.06560516357422";"617.7";"-92";"12.800000190734863";"16606";"1779208137827"
"29";"2026-05-19 13:29:57";"25.51";"64.5";"949.5600000000001";"3860";"";"-22.82210350036621";"-47.06557846069336";"623";"-92";"13";"16607";"1779208197826"
"30";"2026-05-19 13:30:57";"25.35";"65";"949.6";"3880";"";"-22.822111129760742";"-47.06563186645508";"622";"-92";"13";"16608";"1779208257822"
"31";"2026-05-19 13:31:57";"25.25";"65";"949.62";"3840";"";"-22.822124481201172";"-47.065650939941406";"619.2";"-92";"13";"16609";"1779208317811"
"32";"2026-05-19 13:32:57";"25.24";"65";"949.64";"3840";"";"-22.822126388549805";"-47.06563949584961";"618.5";"-91";"12.5";"16610";"1779208377818"
"33";"2026-05-19 13:33:57";"25.21";"65";"949.58";"3840";"";"-22.822134017944336";"-47.065650939941406";"623.2";"-91";"12.5";"16611";"1779208437815"
"34";"2026-05-19 13:34:57";"25.14";"65";"949.58";"3880";"";"-22.8221378326416";"-47.065643310546875";"621.4000000000001";"-92";"13";"16612";"1779208497822"
"35";"2026-05-19 13:35:57";"25.06";"65.5";"949.58";"3880";"";"-22.822134017944336";"-47.06562805175781";"614.2";"-91";"12.300000190734863";"16613";"1779208557827"
"36";"2026-05-19 13:36:57";"25.02";"65.5";"949.62";"3860";"";"-22.822114944458008";"-47.065650939941406";"616.5";"-91";"12.800000190734863";"16614";"1779208617824"
"37";"2026-05-19 13:37:57";"24.98";"65.5";"949.58";"3880";"";"-22.8221435546875";"-47.065673828125";"612.5";"-91";"12.800000190734863";"16615";"1779208677827"
"38";"2026-05-19 13:38:57";"24.92";"66";"949.62";"3840";"";"-22.8221378326416";"-47.0656623840332";"619.2";"-91";"12.800000190734863";"16616";"1779208737854"
"39";"2026-05-19 13:39:57";"24.92";"66";"949.62";"3860";"";"-22.8221435546875";"-47.065673828125";"604.7";"-91";"12.800000190734863";"16617";"1779208797813"
"40";"2026-05-19 13:40:57";"24.94";"65.5";"949.62";"3840";"";"-22.8221378326416";"-47.065643310546875";"606.5";"-89";"13.300000190734863";"16618";"1779208857814"
"41";"2026-05-19 13:41:57";"24.91";"65.5";"949.62";"3840";"";"-22.822128295898438";"-47.065635681152344";"607.7";"-89";"13.300000190734863";"16619";"1779208917829"
"42";"2026-05-19 13:42:57";"24.83";"66";"949.58";"3840";"";"-22.82211685180664";"-47.065677642822266";"617.9000000000001";"-91";"13";"16620";"1779208977820"
"43";"2026-05-19 13:43:57";"24.78";"66";"949.6";"3880";"";"-22.822105407714844";"-47.0656623840332";"624.4000000000001";"-90";"13";"16621";"1779209037864"
"44";"2026-05-19 13:44:57";"24.73";"66";"949.6";"3880";"";"-22.822105407714844";"-47.06565475463867";"621.7";"-91";"12.5";"16622";"1779209097829"
"45";"2026-05-19 13:45:57";"24.72";"66";"949.6";"3860";"";"-22.822128295898438";"-47.06565856933594";"621.7";"-90";"12.800000190734863";"16623";"1779209157824"
"46";"2026-05-19 13:46:57";"24.73";"66";"949.62";"3800";"";"-22.822124481201172";"-47.0656852722168";"621.5";"-91";"13";"16624";"1779209217823"
"47";"2026-05-19 13:47:57";"24.68";"66";"949.64";"3860";"";"-22.82211685180664";"-47.06564712524414";"619.2";"-90";"13";"16625";"1779209277838"
"48";"2026-05-19 13:48:57";"24.64";"66";"949.6800000000001";"3860";"";"-22.822113037109375";"-47.06563186645508";"615";"-90";"12.800000190734863";"16626";"1779209337818"
"49";"2026-05-19 13:49:57";"24.59";"66.5";"949.66";"3820";"";"-22.822120666503906";"-47.06564712524414";"619.4000000000001";"-90";"13";"16627";"1779209397819"
"50";"2026-05-19 13:50:57";"24.52";"66.5";"949.6800000000001";"3860";"";"-22.822147369384766";"-47.06566619873047";"613.2";"-88";"13.300000190734863";"16628";"1779209457804"
"51";"2026-05-19 13:51:57";"24.5";"66.5";"949.62";"3820";"";"-22.822124481201172";"-47.065673828125";"615.7";"-90";"13.300000190734863";"16629";"1779209517803"
"52";"2026-05-19 13:52:57";"24.42";"66.5";"949.58";"3820";"";"-22.822113037109375";"-47.065704345703125";"612.9";"-89";"13";"16630";"1779209577779"
"53";"2026-05-19 13:53:57";"24.34";"67";"949.5600000000001";"3820";"";"-22.82212257385254";"-47.06566619873047";"609.4";"-90";"13";"16631";"1779209637816"
"54";"2026-05-19 13:54:57";"24.25";"67";"949.6";"3840";"";"-22.82213020324707";"-47.065635681152344";"615";"-88";"13";"16632";"1779209697816"
"55";"2026-05-19 13:55:57";"24.12";"67.5";"949.6";"3800";"";"-22.822126388549805";"-47.065650939941406";"608.7";"-90";"12.800000190734863";"16633";"1779209757818"
"56";"2026-05-19 13:56:57";"24.03";"67.5";"949.5";"3820";"";"-22.822114944458008";"-47.06564712524414";"617.2";"-90";"13";"16634";"1779209817817"
"57";"2026-05-19 13:57:57";"23.97";"67.5";"949.4200000000001";"3840";"";"-22.822124481201172";"-47.065643310546875";"618.2";"-89";"13";"16635";"1779209877823"
"58";"2026-05-19 13:58:57";"23.92";"67.5";"949.5";"3840";"";"-22.82213020324707";"-47.065670013427734";"620.9000000000001";"-91";"12.800000190734863";"16636";"1779209937815"
"59";"2026-05-19 13:59:57";"23.85";"68";"949.54";"3800";"";"-22.822093963623047";"-47.065673828125";"624.5";"-92";"13";"16637";"1779209997818"
"60";"2026-05-19 14:00:57";"23.79";"68";"949.5";"3840";"";"-22.822097778320312";"-47.06565475463867";"616.9000000000001";"-93";"12.5";"16638";"1779210057816"
"61";"2026-05-19 14:01:57";"23.73";"68";"949.48";"3820";"";"-22.822126388549805";"-47.065670013427734";"619.2";"-93";"12.800000190734863";"16639";"1779210117819"
"62";"2026-05-19 14:02:57";"23.68";"68";"949.48";"3820";"";"-22.822141647338867";"-47.06563949584961";"617.2";"-91";"13";"16640";"1779210177818"
"63";"2026-05-19 14:03:57";"23.6";"68";"949.48";"3840";"";"-22.82213592529297";"-47.065650939941406";"618.4000000000001";"-91";"12.800000190734863";"16641";"1779210237812"
"64";"2026-05-19 14:04:57";"23.55";"68.5";"949.52";"3800";"";"-22.822128295898438";"-47.065673828125";"612.5";"-92";"12.800000190734863";"16642";"1779210297811"
"65";"2026-05-19 14:05:57";"23.47";"68.5";"949.5600000000001";"3840";"";"-22.822134017944336";"-47.06565475463867";"617.2";"-92";"12.800000190734863";"16643";"1779210357822"
"66";"2026-05-19 14:06:57";"23.42";"68.5";"949.54";"3840";"";"-22.822141647338867";"-47.06565856933594";"627.4000000000001";"-91";"13";"16644";"1779210417813"
"67";"2026-05-19 14:07:57";"23.39";"68.5";"949.54";"3800";"";"-22.822126388549805";"-47.065670013427734";"618";"-91";"12.800000190734863";"16645";"1779210477811"
"68";"2026-05-19 14:08:57";"23.33";"68.5";"949.54";"3860";"";"-22.822120666503906";"-47.06565856933594";"616.7";"-93";"12.800000190734863";"16646";"1779210537819"
"69";"2026-05-19 14:09:57";"23.28";"69";"949.6";"3820";"";"-22.822132110595703";"-47.06566619873047";"624.2";"-91";"12.5";"16647";"1779210597823"
"70";"2026-05-19 14:10:57";"23.26";"69";"949.5600000000001";"3820";"";"-22.822132110595703";"-47.065673828125";"626.5";"-93";"12.5";"16648";"1779210657826"
"71";"2026-05-19 14:11:57";"23.22";"69";"949.54";"3820";"";"-22.822158813476562";"-47.065616607666016";"617.4000000000001";"-92";"12.5";"16649";"1779210717829"
"72";"2026-05-19 14:12:57";"23.16";"69";"949.58";"3840";"";"-22.822132110595703";"-47.06562805175781";"612.7";"-91";"12.800000190734863";"16650";"1779210777789"
"73";"2026-05-19 14:13:57";"23.12";"69";"949.6";"3780";"";"-22.82217025756836";"-47.06563186645508";"621.7";"-92";"13";"16651";"1779210837814"
"74";"2026-05-19 14:14:57";"23.11";"69";"949.64";"3840";"";"-22.82216453552246";"-47.065635681152344";"624.7";"-90";"12.5";"16652";"1779210897822"
"75";"2026-05-19 14:15:57";"23.08";"69";"949.66";"3800";"";"-22.8221378326416";"-47.0656623840332";"628.2";"-93";"12.5";"16653";"1779210957831"
"76";"2026-05-19 14:16:57";"23.06";"69";"949.66";"3820";"";"-22.822128295898438";"-47.06565856933594";"619.2";"-90";"13";"16654";"1779211017816"
"77";"2026-05-19 14:17:57";"23.05";"69";"949.6800000000001";"3820";"";"-22.822158813476562";"-47.06563186645508";"622";"-91";"13.300000190734863";"16655";"1779211077822"
"78";"2026-05-19 14:18:57";"23.03";"69";"949.72";"3800";"";"-22.8221435546875";"-47.06565475463867";"623.4000000000001";"-91";"12.800000190734863";"16656";"1779211137821"
"79";"2026-05-19 14:19:57";"22.99";"69";"949.7";"3820";"";"-22.822141647338867";"-47.06565475463867";"627.2";"-94";"12.5";"16657";"1779211197823"
"80";"2026-05-19 14:20:57";"22.95";"69";"949.7";"3820";"";"-22.82215690612793";"-47.06564712524414";"617.7";"-91";"13";"16658";"1779211257820"
"81";"2026-05-19 14:21:57";"22.93";"69";"949.7";"3800";"";"-22.822065353393555";"-47.065704345703125";"620.7";"-90";"13";"16659";"1779211317828"
"82";"2026-05-19 14:22:57";"22.88";"69";"949.6800000000001";"3800";"";"-22.82205581665039";"-47.065696716308594";"620.7";"-93";"13.300000190734863";"16660";"1779211377827"
"83";"2026-05-19 14:23:57";"22.84";"69";"949.72";"3800";"";"-22.822154998779297";"-47.0656623840332";"619";"-89";"12.800000190734863";"16661";"1779211437822"
"84";"2026-05-19 14:24:57";"22.83";"69";"949.72";"3800";"";"-22.822132110595703";"-47.065643310546875";"625";"-92";"12.800000190734863";"16662";"1779211497816"
"85";"2026-05-19 14:25:57";"22.84";"69";"949.74";"3820";"";"-22.822071075439453";"-47.06563949584961";"641.2";"-90";"13";"16663";"1779211557831"
"86";"2026-05-19 14:26:57";"22.83";"69";"949.74";"3800";"";"-22.822158813476562";"-47.06564712524414";"622.5";"-93";"12.300000190734863";"16664";"1779211617827"
"87";"2026-05-19 14:27:57";"22.83";"69";"949.76";"3780";"";"-22.822141647338867";"-47.06566619873047";"623.2";"-91";"12.800000190734863";"16665";"1779211677818"
"88";"2026-05-19 14:28:57";"22.78";"69";"949.76";"3780";"";"-22.822105407714844";"-47.06566619873047";"625";"-95";"12.300000190734863";"16666";"1779211737821"
"89";"2026-05-19 14:29:57";"22.73";"69";"949.8000000000001";"3800";"";"-22.822118759155273";"-47.065677642822266";"622.7";"-92";"12.800000190734863";"16667";"1779211797836"
"90";"2026-05-19 14:30:57";"22.71";"69";"949.74";"3780";"";"-22.822147369384766";"-47.06564712524414";"616.7";"-90";"12.800000190734863";"16668";"1779211857793"
"91";"2026-05-19 14:31:57";"22.67";"69";"949.78";"3800";"";"-22.822132110595703";"-47.06564712524414";"624.5";"-90";"13";"16669";"1779211917818"
"92";"2026-05-19 14:32:57";"22.65";"69";"949.76";"3780";"";"-22.8221492767334";"-47.06563949584961";"616.2";"-94";"11.800000190734863";"16670";"1779211977823"
"93";"2026-05-19 14:33:57";"22.64";"69";"949.7";"3820";"";"-22.822139739990234";"-47.065643310546875";"619.5";"-91";"12.800000190734863";"16671";"1779212037822"
"94";"2026-05-19 14:34:57";"22.61";"69";"949.7";"3780";"";"-22.82213592529297";"-47.06562042236328";"613.5";"-93";"13";"16672";"1779212097829"
"95";"2026-05-19 14:35:57";"22.58";"69";"949.7";"3780";"";"-22.822107315063477";"-47.065650939941406";"622";"-91";"13";"16673";"1779212157816"
"96";"2026-05-19 14:36:57";"22.57";"69";"949.6800000000001";"3820";"";"-22.82209587097168";"-47.06566619873047";"627.2";"-93";"13";"16674";"1779212217826"
"97";"2026-05-19 14:37:57";"22.59";"69";"949.66";"3800";"";"-22.8221378326416";"-47.0656623840332";"622.5";"-92";"12.5";"16675";"1779212277832"
"98";"2026-05-19 14:38:57";"22.59";"69";"949.6800000000001";"3820";"";"-22.82213592529297";"-47.06568145751953";"624.7";"-88";"13";"16676";"1779212337813"
"99";"2026-05-19 14:39:57";"22.58";"69";"949.7";"3780";"";"-22.82213020324707";"-47.065650939941406";"621.2";"-90";"13";"16677";"1779212397835"
"100";"2026-05-19 14:40:57";"22.58";"69";"949.66";"3820";"";"-22.822153091430664";"-47.065635681152344";"618.4000000000001";"-90";"13.5";"16678";"1779212457832"
"101";"2026-05-19 14:41:57";"22.57";"69";"949.6800000000001";"3760";"";"-22.82213592529297";"-47.06566619873047";"623";"-94";"12.300000190734863";"16679";"1779212517818"
"102";"2026-05-19 14:42:57";"22.55";"69";"949.66";"3780";"";"-22.822124481201172";"-47.06566619873047";"626";"-91";"13";"16680";"1779212577822"
"103";"2026-05-19 14:43:57";"22.54";"69";"949.64";"3820";"";"-22.822128295898438";"-47.06566619873047";"620.7";"-90";"12.800000190734863";"16681";"1779212637800"
"104";"2026-05-19 14:44:57";"22.54";"69";"949.6";"3800";"";"-22.822114944458008";"-47.06565475463867";"618.7";"-93";"12.300000190734863";"16682";"1779212697822"
"105";"2026-05-19 14:45:57";"22.52";"69";"949.62";"3820";"";"-22.822141647338867";"-47.065643310546875";"610";"-94";"12.300000190734863";"16683";"1779212757825"
"106";"2026-05-19 14:46:57";"22.5";"69";"949.5600000000001";"3780";"";"-22.8221435546875";"-47.065643310546875";"612.9";"-93";"12.5";"16684";"1779212817797"
"107";"2026-05-19 14:47:57";"22.45";"69";"949.5600000000001";"3800";"";"-22.822162628173828";"-47.06563949584961";"621.2";"-90";"13";"16685";"1779212877832"
"108";"2026-05-19 14:48:57";"22.45";"69";"949.52";"3800";"";"-22.822181701660156";"-47.065635681152344";"621";"-90";"13.300000190734863";"16686";"1779212937815"
"109";"2026-05-19 14:49:57";"22.48";"69";"949.52";"3800";"";"-22.82217788696289";"-47.06563186645508";"626";"-91";"13";"16687";"1779212997825"
"110";"2026-05-19 14:50:57";"22.48";"69";"949.54";"3780";"";"-22.822166442871094";"-47.06565856933594";"620";"-92";"12.800000190734863";"16688";"1779213057835"
"111";"2026-05-19 14:51:57";"22.49";"69";"949.58";"3820";"";"-22.82215690612793";"-47.065643310546875";"617.5";"-91";"12.800000190734863";"16689";"1779213117830"
"112";"2026-05-19 14:52:57";"22.46";"69";"949.6";"3820";"";"-22.822221755981445";"-47.065673828125";"614.4000000000001";"-91";"12.5";"16690";"1779213177785"
"113";"2026-05-19 14:53:57";"22.47";"69";"949.5600000000001";"3760";"";"-22.82221221923828";"-47.0656623840332";"613";"-89";"13.5";"16691";"1779213237785"
"114";"2026-05-19 14:54:57";"22.45";"69";"949.5600000000001";"3800";"";"-22.822219848632812";"-47.065673828125";"614.4000000000001";"-90";"13";"16692";"1779213297828"
"115";"2026-05-19 14:55:57";"22.43";"69";"949.6";"3780";"";"-22.82221221923828";"-47.065635681152344";"617.5";"-93";"12.300000190734863";"16693";"1779213357819"
"116";"2026-05-19 14:56:57";"22.41";"69";"949.66";"3780";"";"-22.822179794311523";"-47.0656623840332";"614.5";"-92";"13";"16694";"1779213417829"
"117";"2026-05-19 14:57:57";"22.41";"69";"949.72";"3780";"";"-22.822189331054688";"-47.06568145751953";"614.4000000000001";"-91";"12.800000190734863";"16695";"1779213477804"
"118";"2026-05-19 14:58:57";"22.39";"69";"949.74";"3780";"";"-22.822202682495117";"-47.06568145751953";"607";"-88";"12.800000190734863";"16696";"1779213537823"
"119";"2026-05-19 14:59:57";"22.37";"69";"949.74";"3820";"";"-22.822202682495117";"-47.06568908691406";"607";"-93";"13";"16697";"1779213597826"
"120";"2026-05-19 15:00:57";"22.35";"69";"949.74";"3780";"";"-22.822193145751953";"-47.06566619873047";"617.7";"-92";"13";"16698";"1779213657826"
"121";"2026-05-19 15:01:57";"22.33";"69";"949.8000000000001";"3800";"";"-22.82217025756836";"-47.065650939941406";"615.9000000000001";"-89";"13.300000190734863";"16699";"1779213717826"
"122";"2026-05-19 15:02:57";"22.31";"69";"949.82";"3780";"";"-22.82219696044922";"-47.065650939941406";"618.4000000000001";"-95";"11.300000190734863";"16700";"1779213777828"
"123";"2026-05-19 15:03:57";"22.3";"69";"949.82";"3780";"";"-22.82219123840332";"-47.065643310546875";"626.2";"-92";"13";"16701";"1779213837818"
"124";"2026-05-19 15:04:57";"22.25";"69.5";"949.82";"3780";"";"-22.822200775146484";"-47.06564712524414";"620.5";"-91";"13";"16702";"1779213897829"
"125";"2026-05-19 15:05:57";"22.23";"69.5";"949.84";"3780";"";"-22.822208404541016";"-47.06565475463867";"616.4000000000001";"-91";"12.800000190734863";"16703";"1779213957817"
"126";"2026-05-19 15:06:57";"22.23";"69";"949.82";"3760";"";"-22.822181701660156";"-47.065650939941406";"617.4000000000001";"-90";"13.5";"16704";"1779214017814"
"127";"2026-05-19 15:07:57";"22.21";"69.5";"949.86";"3800";"";"-22.82217788696289";"-47.06563949584961";"621.9000000000001";"-92";"13";"16705";"1779214077831"
"128";"2026-05-19 15:08:57";"22.19";"69.5";"949.82";"3780";"";"-22.822181701660156";"-47.0656623840332";"619.4000000000001";"-93";"12.800000190734863";"16706";"1779214137825"
"129";"2026-05-19 15:09:57";"22.18";"69.5";"949.8000000000001";"3820";"";"-22.822187423706055";"-47.06565475463867";"620.7";"-92";"13";"16707";"1779214197813"
"130";"2026-05-19 15:10:57";"22.16";"69.5";"949.8000000000001";"3800";"";"-22.822175979614258";"-47.065677642822266";"612.2";"-90";"13.300000190734863";"16708";"1779214257820"
"131";"2026-05-19 15:11:57";"22.16";"69.5";"949.78";"3760";"";"-22.82217025756836";"-47.06568145751953";"611.4";"-93";"13";"16709";"1779214317816"
"132";"2026-05-19 15:12:57";"22.18";"69.5";"949.76";"3760";"";"-22.8221378326416";"-47.06568908691406";"606.5";"-88";"13.300000190734863";"16710";"1779214377813"
"133";"2026-05-19 15:13:57";"22.21";"69";"949.78";"3780";"";"-22.822139739990234";"-47.06566619873047";"603.7";"-92";"13";"16711";"1779214437820"
"134";"2026-05-19 15:14:57";"22.19";"69.5";"949.76";"3800";"";"-22.822179794311523";"-47.065677642822266";"609.5";"-91";"12.5";"16712";"1779214497832"
"135";"2026-05-19 15:15:57";"22.16";"69.5";"949.78";"3800";"";"-22.82219886779785";"-47.0656623840332";"615";"-92";"13";"16713";"1779214557821"
"136";"2026-05-19 15:16:57";"22.16";"69";"949.78";"3800";"";"-22.822160720825195";"-47.06565856933594";"614.7";"-92";"12.800000190734863";"16714";"1779214617795"
"137";"2026-05-19 15:17:57";"22.15";"69";"949.72";"3820";"";"-22.82219123840332";"-47.06566619873047";"620.7";"-92";"13.300000190734863";"16715";"1779214677841"
"138";"2026-05-19 15:18:57";"22.15";"69";"949.72";"3780";"";"-22.82219696044922";"-47.065670013427734";"619.4000000000001";"-93";"12.5";"16716";"1779214737821"
"139";"2026-05-19 15:19:57";"22.14";"69";"949.6800000000001";"3800";"";"-22.82215118408203";"-47.065673828125";"613.5";"-92";"13.300000190734863";"16717";"1779214797825"
"140";"2026-05-19 15:20:57";"22.16";"69";"949.66";"3780";"";"-22.822118759155273";"-47.06566619873047";"607.7";"-90";"13.5";"16718";"1779214857817"
"141";"2026-05-19 15:21:57";"22.18";"69";"949.62";"3780";"";"-22.82216453552246";"-47.065670013427734";"614.7";"-91";"13";"16719";"1779214917827"
"142";"2026-05-19 15:22:57";"22.17";"69";"949.64";"3780";"";"-22.822160720825195";"-47.065677642822266";"608.9";"-92";"13";"16720";"1779214977818"
"143";"2026-05-19 15:23:57";"22.18";"69";"949.64";"3780";"";"-22.822187423706055";"-47.065643310546875";"609.4";"-91";"12.5";"16721";"1779215037824"
"144";"2026-05-19 15:24:57";"22.2";"69";"949.64";"3760";"";"-22.822162628173828";"-47.065650939941406";"602.2";"-91";"12.800000190734863";"16722";"1779215097820"
"145";"2026-05-19 15:25:57";"22.22";"69";"949.72";"3800";"";"-22.822120666503906";"-47.06566619873047";"607.2";"-92";"12.800000190734863";"16723";"1779215157827"
"146";"2026-05-19 15:26:57";"22.23";"69";"949.72";"3780";"";"-22.822118759155273";"-47.065635681152344";"615.7";"-90";"13.300000190734863";"16724";"1779215217831"
"147";"2026-05-19 15:27:57";"22.23";"69";"949.78";"3780";"";"-22.822145462036133";"-47.06565475463867";"607.2";"-89";"13.5";"16725";"1779215277826"
"148";"2026-05-19 15:28:57";"22.23";"69";"949.8000000000001";"3800";"";"-22.822139739990234";"-47.06564712524414";"611.5";"-93";"13.300000190734863";"16726";"1779215337821"
"149";"2026-05-19 15:29:57";"22.23";"69";"949.76";"3780";"";"-22.822153091430664";"-47.065670013427734";"612.7";"-92";"13";"16727";"1779215397821"
"150";"2026-05-19 15:30:57";"22.23";"69";"949.72";"3740";"";"-22.822153091430664";"-47.06565475463867";"615";"-91";"13";"16728";"1779215457818"
"151";"2026-05-19 15:31:57";"22.19";"69";"949.7";"3800";"";"-22.822134017944336";"-47.06565475463867";"615.7";"-93";"12.5";"16729";"1779215517820"
"152";"2026-05-19 15:32:57";"22.17";"69";"949.6800000000001";"3760";"";"-22.822113037109375";"-47.0656852722168";"616";"-94";"12.300000190734863";"16730";"1779215577827"
"153";"2026-05-19 15:33:57";"22.14";"69";"949.66";"3800";"";"-22.822141647338867";"-47.06565856933594";"620.5";"-93";"12.300000190734863";"16731";"1779215637826"
"154";"2026-05-19 15:34:57";"22.16";"69";"949.64";"3800";"";"-22.822141647338867";"-47.065635681152344";"623.2";"-94";"12.5";"16732";"1779215697827"
"155";"2026-05-19 15:35:57";"22.15";"69";"949.66";"3760";"";"-22.822154998779297";"-47.065650939941406";"627.7";"-92";"13";"16733";"1779215757859"
"156";"2026-05-19 15:36:57";"22.15";"69";"949.64";"3780";"";"-22.822126388549805";"-47.06564712524414";"621";"-89";"13.300000190734863";"16734";"1779215817822"
"157";"2026-05-19 15:37:57";"22.11";"69";"949.66";"3760";"";"-22.822139739990234";"-47.065650939941406";"616.2";"-92";"12.800000190734863";"16735";"1779215877821"
"158";"2026-05-19 15:38:57";"22.08";"69";"949.64";"3800";"";"-22.8221492767334";"-47.06566619873047";"615.7";"-91";"12.800000190734863";"16736";"1779215937830"
"159";"2026-05-19 15:39:57";"22.08";"69";"949.64";"3800";"";"-22.822139739990234";"-47.065650939941406";"615.9000000000001";"-92";"13.300000190734863";"16737";"1779215997821"
"160";"2026-05-19 15:40:57";"22.07";"69";"949.66";"3780";"";"-22.82213020324707";"-47.065650939941406";"619";"-92";"13";"16738";"1779216057815"
"161";"2026-05-19 15:41:57";"22.06";"69.5";"949.66";"3780";"";"-22.822124481201172";"-47.06565475463867";"619.2";"-92";"13";"16739";"1779216117825"
"162";"2026-05-19 15:42:57";"22.04";"69.5";"949.66";"3800";"";"-22.822092056274414";"-47.06562423706055";"625.2";"-93";"13";"16740";"1779216177812"
"163";"2026-05-19 15:43:57";"22.03";"69";"949.7";"3800";"";"-22.822124481201172";"-47.06562805175781";"620.7";"-89";"13.300000190734863";"16741";"1779216237809"
"164";"2026-05-19 15:44:57";"22.04";"69";"949.6800000000001";"3800";"";"-22.82215690612793";"-47.06564712524414";"621";"-93";"12.800000190734863";"16742";"1779216297810"
"165";"2026-05-19 15:45:57";"22.03";"69";"949.7";"3780";"";"-22.82217025756836";"-47.06564712524414";"608";"-90";"13.5";"16743";"1779216357820"
"166";"2026-05-19 15:46:57";"22.04";"69";"949.72";"3760";"";"-22.822134017944336";"-47.065635681152344";"613.2";"-92";"12.800000190734863";"16744";"1779216417816"
"167";"2026-05-19 15:47:57";"22.05";"69";"949.7";"3800";"";"-22.822158813476562";"-47.06564712524414";"604.9";"-92";"12.800000190734863";"16745";"1779216477826"
"168";"2026-05-19 15:48:57";"22.07";"69";"949.72";"3800";"";"-22.8221435546875";"-47.06562423706055";"612.4";"-91";"12.800000190734863";"16746";"1779216537824"
"169";"2026-05-19 15:49:57";"22.08";"69";"949.76";"3800";"";"-22.82212257385254";"-47.06562423706055";"611.5";"-91";"12.800000190734863";"16747";"1779216597823"
"170";"2026-05-19 15:50:57";"22.08";"69";"949.74";"3800";"";"-22.822105407714844";"-47.06562805175781";"615.7";"-91";"12.800000190734863";"16748";"1779216657818"
"171";"2026-05-19 15:51:57";"22.08";"69";"949.84";"3760";"";"-22.822124481201172";"-47.065616607666016";"609.9";"-91";"12.5";"16749";"1779216717821"
"172";"2026-05-19 15:52:57";"22.1";"69";"949.82";"3800";"";"-22.8221378326416";"-47.06561279296875";"614.5";"-94";"12";"16750";"1779216777821"
"173";"2026-05-19 15:53:57";"22.11";"69";"949.84";"3760";"";"-22.822113037109375";"-47.065616607666016";"625";"-94";"11.800000190734863";"16751";"1779216837817"
"174";"2026-05-19 15:54:57";"22.1";"69";"949.82";"3760";"";"-22.822107315063477";"-47.06562042236328";"621.5";"-92";"12.5";"16752";"1779216897824"
"175";"2026-05-19 15:55:57";"22.07";"69";"949.8000000000001";"3800";"";"-22.82211685180664";"-47.06562423706055";"616.2";"-94";"12.300000190734863";"16753";"1779216957822"
"176";"2026-05-19 15:56:57";"22.05";"69";"949.84";"3780";"";"-22.82212257385254";"-47.06564712524414";"613.5";"-93";"13";"16754";"1779217017822"
"177";"2026-05-19 15:57:57";"22.03";"69";"949.86";"3760";"";"-22.822132110595703";"-47.065635681152344";"620.2";"-92";"12.800000190734863";"16755";"1779217077830"
"178";"2026-05-19 15:58:57";"22.02";"69";"949.86";"3760";"";"-22.822132110595703";"-47.065616607666016";"611.9";"-91";"12.800000190734863";"16756";"1779217137816"
"179";"2026-05-19 15:59:57";"21.99";"69";"949.84";"3780";"";"-22.822132110595703";"-47.06563186645508";"624.4000000000001";"-93";"12.5";"16757";"1779217197818"
"180";"2026-05-19 16:00:57";"21.97";"69";"949.86";"3760";"";"-22.822154998779297";"-47.065650939941406";"620.2";"-92";"12.800000190734863";"16758";"1779217257823"
"181";"2026-05-19 16:01:57";"21.94";"69.5";"949.84";"3800";"";"-22.822141647338867";"-47.065673828125";"607.5";"-96";"11.5";"16759";"1779217317819"
"182";"2026-05-19 16:02:57";"21.91";"69.5";"949.84";"3800";"";"-22.8221378326416";"-47.06566619873047";"615";"-93";"12.5";"16760";"1779217377823"
"183";"2026-05-19 16:03:57";"21.9";"69.5";"949.86";"3760";"";"-22.82215690612793";"-47.06563186645508";"620.7";"-93";"13";"16761";"1779217437829"
"184";"2026-05-19 16:04:57";"21.87";"69.5";"949.86";"3760";"";"-22.822145462036133";"-47.065643310546875";"619";"-92";"13";"16762";"1779217497799"
"185";"2026-05-19 16:05:57";"21.87";"69.5";"949.86";"3780";"";"-22.82213592529297";"-47.0656623840332";"620.4000000000001";"-92";"13";"16763";"1779217557824"
"186";"2026-05-19 16:06:57";"21.87";"69.5";"949.9200000000001";"3760";"";"-22.822139739990234";"-47.06565856933594";"620";"-90";"13";"16764";"1779217617830"
"187";"2026-05-19 16:07:57";"21.88";"69.5";"949.94";"3760";"";"-22.822114944458008";"-47.06563949584961";"616.2";"-91";"13";"16765";"1779217677819"
"188";"2026-05-19 16:08:57";"21.89";"69.5";"950";"3780";"";"-22.822113037109375";"-47.06564712524414";"607.7";"-92";"12.800000190734863";"16766";"1779217737825"
"189";"2026-05-19 16:09:57";"21.89";"69.5";"950";"3760";"";"-22.822128295898438";"-47.065650939941406";"613";"-91";"12.800000190734863";"16767";"1779217797818"
"190";"2026-05-19 16:10:57";"21.89";"69.5";"950.0600000000001";"3760";"";"-22.822107315063477";"-47.065650939941406";"622.5";"-90";"12.800000190734863";"16768";"1779217857821"
"191";"2026-05-19 16:11:57";"21.86";"69.5";"950";"3780";"";"-22.822120666503906";"-47.06565475463867";"626.5";"-90";"13.5";"16769";"1779217917825"
"192";"2026-05-19 16:12:57";"21.83";"69.5";"950.04";"3760";"";"-22.822128295898438";"-47.0656623840332";"618";"-92";"12.5";"16770";"1779217977818"
"193";"2026-05-19 16:13:57";"21.81";"69.5";"950.02";"3760";"";"-22.822126388549805";"-47.06566619873047";"613.7";"-93";"12.5";"16771";"1779218037825"
"194";"2026-05-19 16:14:57";"21.78";"69.5";"950.02";"3760";"";"-22.822126388549805";"-47.065670013427734";"623.7";"-90";"13.800000190734863";"16772";"1779218097824"
"195";"2026-05-19 16:15:57";"21.76";"69.5";"949.98";"3760";"";"-22.82213020324707";"-47.065635681152344";"615";"-93";"12.5";"16773";"1779218157827"
"196";"2026-05-19 16:16:57";"21.74";"69.5";"950.02";"3760";"";"-22.8221378326416";"-47.065635681152344";"609.4";"-91";"12.5";"16774";"1779218217828"
"197";"2026-05-19 16:17:57";"21.73";"69.5";"950";"3760";"";"-22.822166442871094";"-47.065677642822266";"613.4";"-93";"12.800000190734863";"16775";"1779218277829"
"198";"2026-05-19 16:18:57";"21.71";"69.5";"950.02";"3780";"";"-22.8221378326416";"-47.065650939941406";"616.5";"-91";"12.800000190734863";"16776";"1779218337816"
"199";"2026-05-19 16:19:57";"21.66";"70";"950.08";"3780";"";"-22.82213020324707";"-47.065650939941406";"625.5";"-92";"12.800000190734863";"16777";"1779218397834"
"200";"2026-05-19 16:20:57";"21.63";"70";"950.12";"3760";"";"-22.822128295898438";"-47.06565475463867";"621.2";"-93";"12.800000190734863";"16778";"1779218457818"
"201";"2026-05-19 16:21:57";"21.61";"70";"950.1";"3760";"";"-22.82213592529297";"-47.065670013427734";"607";"-92";"13";"16779";"1779218517826"
"202";"2026-05-19 16:22:57";"21.58";"70";"950.14";"3740";"";"-22.82213592529297";"-47.065670013427734";"608.4";"-92";"12.800000190734863";"16780";"1779218577819"
"203";"2026-05-19 16:23:57";"21.54";"70";"950.0600000000001";"3760";"";"-22.822154998779297";"-47.0656623840332";"599.2";"-94";"12";"16781";"1779218637818"
"204";"2026-05-19 16:24:57";"21.54";"70";"950.02";"3780";"";"-22.82213592529297";"-47.06566619873047";"609.4";"-92";"13.300000190734863";"16782";"1779218697831"
"205";"2026-05-19 16:25:57";"21.54";"70";"950.04";"3780";"";"-22.82213592529297";"-47.065677642822266";"610.5";"-89";"13.5";"16783";"1779218757824"
"206";"2026-05-19 16:26:57";"21.51";"70";"950";"3780";"";"-22.82215118408203";"-47.06568145751953";"630";"-91";"12.800000190734863";"16784";"1779218817823"
"207";"2026-05-19 16:27:57";"21.5";"70";"950";"3780";"";"-22.822134017944336";"-47.06566619873047";"625.2";"-91";"12.800000190734863";"16785";"1779218877818"
"208";"2026-05-19 16:28:57";"21.48";"70";"949.96";"3760";"";"-22.822141647338867";"-47.065677642822266";"619.7";"-91";"13";"16786";"1779218937826"
"209";"2026-05-19 16:29:57";"21.46";"70";"949.96";"3740";"";"-22.822128295898438";"-47.06562423706055";"626";"-92";"12.800000190734863";"16787";"1779218997825"
"210";"2026-05-19 16:30:57";"21.45";"70";"950";"3740";"";"-22.822120666503906";"-47.06565856933594";"614.5";"-92";"13.300000190734863";"16788";"1779219057823"
"211";"2026-05-19 16:31:57";"21.43";"70";"950.04";"3760";"";"-22.82213592529297";"-47.06566619873047";"610.4";"-92";"13";"16789";"1779219117786"
"212";"2026-05-19 16:32:57";"21.43";"70";"950.1";"3740";"";"-22.8221435546875";"-47.065677642822266";"625.2";"-92";"13";"16790";"1779219177812"
"213";"2026-05-19 16:33:57";"21.41";"70";"950.12";"3780";"";"-22.82219123840332";"-47.0656852722168";"611.4";"-92";"12.800000190734863";"16791";"1779219237821"
"214";"2026-05-19 16:34:57";"21.39";"70";"950.14";"3780";"";"-22.822187423706055";"-47.06568908691406";"609.2";"-92";"12.800000190734863";"16792";"1779219297819"
"215";"2026-05-19 16:35:57";"21.37";"70";"950.14";"3780";"";"-22.822158813476562";"-47.06566619873047";"612.5";"-91";"12.300000190734863";"16793";"1779219357829"
"216";"2026-05-19 16:36:57";"21.36";"70";"950.1800000000001";"3780";"";"-22.822168350219727";"-47.065650939941406";"611.9";"-94";"12.5";"16794";"1779219417828"
"217";"2026-05-19 16:37:57";"21.33";"70";"950.14";"3780";"";"-22.82217788696289";"-47.065650939941406";"610.7";"-93";"12.300000190734863";"16795";"1779219477829"
"218";"2026-05-19 16:38:57";"21.31";"70";"950.16";"3760";"";"-22.822158813476562";"-47.065650939941406";"617.7";"-93";"12.800000190734863";"16796";"1779219537825"
"219";"2026-05-19 16:39:57";"21.3";"70";"950.16";"3780";"";"-22.82217025756836";"-47.065677642822266";"604.2";"-92";"12.800000190734863";"16797";"1779219597822"
"220";"2026-05-19 16:40:57";"21.28";"70";"950.12";"3760";"";"-22.822172164916992";"-47.06569290161133";"605";"-92";"12.800000190734863";"16798";"1779219657825"
"221";"2026-05-19 16:41:57";"21.27";"70";"950.14";"3760";"";"-22.82219696044922";"-47.06562423706055";"618";"-91";"12.5";"16799";"1779219717825"
"222";"2026-05-19 16:42:57";"21.25";"70";"950.16";"3760";"";"-22.822185516357422";"-47.06565856933594";"616.9000000000001";"-91";"13.300000190734863";"16800";"1779219777793"
"223";"2026-05-19 16:43:57";"21.25";"70";"950.24";"3740";"";"-22.822166442871094";"-47.06565475463867";"614";"-92";"12.800000190734863";"16801";"1779219837814"
"224";"2026-05-19 16:44:57";"21.25";"70.5";"950.24";"3760";"";"-22.822162628173828";"-47.0656852722168";"616.2";"-92";"13.300000190734863";"16802";"1779219897824"
"225";"2026-05-19 16:45:57";"21.26";"70";"950.26";"3760";"";"-22.822172164916992";"-47.06570053100586";"615.5";"-92";"12.800000190734863";"16803";"1779219957807"
"226";"2026-05-19 16:46:57";"21.27";"70";"950.2";"3780";"";"-22.8221378326416";"-47.0656623840332";"619.5";"-92";"12.800000190734863";"16804";"1779220017790"
"227";"2026-05-19 16:47:57";"21.27";"70";"950.22";"3740";"";"-22.822158813476562";"-47.065670013427734";"612.9";"-92";"12.800000190734863";"16805";"1779220077821"
"228";"2026-05-19 16:48:57";"21.27";"70";"950.2";"3780";"";"-22.822153091430664";"-47.06564712524414";"612";"-92";"12.300000190734863";"16806";"1779220137819"
"229";"2026-05-19 16:49:57";"21.25";"70";"950.1800000000001";"3760";"";"-22.822160720825195";"-47.06564712524414";"603.2";"-91";"12.800000190734863";"16807";"1779220197826"
"230";"2026-05-19 16:50:57";"21.22";"70";"950.16";"3740";"";"-22.822166442871094";"-47.06568145751953";"622.7";"-93";"13";"16808";"1779220257822"
"231";"2026-05-19 16:51:57";"21.2";"70";"950.1800000000001";"3780";"";"-22.822158813476562";"-47.06568908691406";"617.2";"-92";"12.5";"16809";"1779220317814"
"232";"2026-05-19 16:52:57";"21.2";"70";"950.2";"3760";"";"-22.822128295898438";"-47.065650939941406";"615.9000000000001";"-92";"12.800000190734863";"16810";"1779220377815"
"233";"2026-05-19 16:53:57";"21.2";"70";"950.2";"3740";"";"-22.822134017944336";"-47.065643310546875";"614.9000000000001";"-91";"12.5";"16811";"1779220437811"
"234";"2026-05-19 16:54:57";"21.2";"70";"950.26";"3760";"";"-22.82216453552246";"-47.06569290161133";"609.7";"-95";"12.300000190734863";"16812";"1779220497815"
"235";"2026-05-19 16:55:57";"";"";"";"";"";"";"";"";"-93";"13";"16813";"1779220557465"
"236";"2026-05-19 16:55:57";"21.19";"70";"950.24";"3740";"";"-22.822147369384766";"-47.06565475463867";"608.9";"-93";"13";"16813";"1779220557780"
"237";"2026-05-19 16:56:57";"21.17";"70";"950.22";"3740";"";"-22.8221435546875";"-47.06565475463867";"613.7";"-93";"13";"16814";"1779220617821"
"238";"2026-05-19 16:57:57";"21.15";"70";"950.24";"3740";"";"-22.82213592529297";"-47.06563949584961";"620";"-92";"13";"16815";"1779220677820"
"239";"2026-05-19 16:58:57";"21.15";"70";"950.24";"3780";"";"-22.822162628173828";"-47.065650939941406";"615";"-93";"11.800000190734863";"16816";"1779220737819"
"240";"2026-05-19 16:59:57";"21.13";"70";"950.2";"3740";"";"-22.822158813476562";"-47.065643310546875";"617";"-93";"12";"16817";"1779220797817"
"241";"2026-05-19 17:00:57";"21.12";"70";"950.1800000000001";"3740";"";"-22.822174072265625";"-47.065643310546875";"616.5";"-92";"13";"16818";"1779220857794"
"242";"2026-05-19 17:01:57";"21.12";"70";"950.2";"3740";"";"-22.822147369384766";"-47.06563186645508";"615.5";"-92";"12.5";"16819";"1779220917824"
"243";"2026-05-19 17:02:57";"21.11";"70";"950.2";"3740";"";"-22.82215118408203";"-47.065650939941406";"615.7";"-92";"13";"16820";"1779220977816"
"244";"2026-05-19 17:03:57";"21.11";"70";"950.2";"3740";"";"-22.8221378326416";"-47.06562042236328";"619";"-91";"12.800000190734863";"16821";"1779221037822"
"245";"2026-05-19 17:04:57";"21.11";"70";"950.22";"3740";"";"-22.822160720825195";"-47.065635681152344";"619.4000000000001";"-92";"12.5";"16822";"1779221097815"
"246";"2026-05-19 17:05:57";"21.09";"70";"950.24";"3760";"";"-22.82217025756836";"-47.06563949584961";"617.5";"-93";"13";"16823";"1779221157826"
"247";"2026-05-19 17:06:57";"21.1";"70";"950.2";"3740";"";"-22.82213592529297";"-47.06563949584961";"629.2";"-92";"13.300000190734863";"16824";"1779221217829"
"248";"2026-05-19 17:07:57";"21.08";"70";"950.1800000000001";"3740";"";"-22.822114944458008";"-47.06562423706055";"619.5";"-91";"13";"16825";"1779221277785"
"249";"2026-05-19 17:08:57";"21.06";"70";"950.2";"3740";"";"-22.822128295898438";"-47.06564712524414";"626.4000000000001";"-93";"12";"16826";"1779221337823"
"250";"2026-05-19 17:09:57";"21.06";"70";"950.2";"3740";"";"-22.822114944458008";"-47.065635681152344";"629.2";"-93";"12.5";"16827";"1779221397821"
"251";"2026-05-19 17:10:57";"21.05";"70";"950.2";"3760";"";"-22.82211685180664";"-47.06561279296875";"626.9000000000001";"-92";"13";"16828";"1779221457821"
"252";"2026-05-19 17:11:57";"21.02";"70";"950.2";"3780";"";"-22.822120666503906";"-47.06562423706055";"634";"-92";"12.800000190734863";"16829";"1779221517823"
"253";"2026-05-19 17:12:57";"21.01";"70";"950.2";"3740";"";"-22.822139739990234";"-47.06561279296875";"618.7";"-90";"12.800000190734863";"16830";"1779221577822"
"254";"2026-05-19 17:13:57";"21";"70";"950.1800000000001";"3720";"";"-22.822139739990234";"-47.06561279296875";"623.9000000000001";"-92";"13";"16831";"1779221637818"
"255";"2026-05-19 17:14:57";"20.98";"70";"950.1800000000001";"3760";"";"-22.82216453552246";"-47.06558609008789";"618.9000000000001";"-93";"12.300000190734863";"16832";"1779221697822"
"256";"2026-05-19 17:15:57";"20.97";"70";"950.2";"3740";"";"-22.822166442871094";"-47.06563186645508";"630.4000000000001";"-92";"12.5";"16833";"1779221757813"
"257";"2026-05-19 17:16:57";"20.98";"70";"950.24";"3740";"";"-22.82210922241211";"-47.06560134887695";"629";"-92";"12.5";"16834";"1779221817827"
"258";"2026-05-19 17:17:57";"20.96";"70";"950.28";"3720";"";"-22.822132110595703";"-47.065616607666016";"624.9000000000001";"-93";"13";"16835";"1779221877822"
"259";"2026-05-19 17:18:57";"20.96";"70";"950.28";"3760";"";"-22.822139739990234";"-47.06561279296875";"620.5";"-92";"12.800000190734863";"16836";"1779221937808"
"260";"2026-05-19 17:19:57";"20.96";"70";"950.26";"3760";"";"-22.822175979614258";"-47.065608978271484";"621";"-92";"13";"16837";"1779221997817"
"261";"2026-05-19 17:20:57";"20.94";"70";"950.26";"3740";"";"-22.822181701660156";"-47.06562423706055";"620";"-93";"12.800000190734863";"16838";"1779222057820"
"262";"2026-05-19 17:21:57";"20.92";"70";"950.24";"3740";"";"-22.822154998779297";"-47.06559753417969";"622.5";"-92";"13.300000190734863";"16839";"1779222117825"
"263";"2026-05-19 17:22:57";"20.89";"70";"950.24";"3720";"";"-22.822113037109375";"-47.065589904785156";"624.2";"-93";"13.300000190734863";"16840";"1779222177827"
"264";"2026-05-19 17:23:57";"20.86";"70.5";"950.22";"3740";"";"-22.82210350036621";"-47.06556701660156";"623";"-92";"12.800000190734863";"16841";"1779222237817"
"265";"2026-05-19 17:24:57";"20.84";"70.5";"950.22";"3700";"";"-22.822132110595703";"-47.06558609008789";"629.4000000000001";"-93";"12.300000190734863";"16842";"1779222297817"
"266";"2026-05-19 17:25:57";"20.83";"70.5";"950.22";"3720";"";"-22.822162628173828";"-47.06558609008789";"629.2";"-92";"12.800000190734863";"16843";"1779222357813"
"267";"2026-05-19 17:26:57";"20.83";"70.5";"950.24";"3720";"";"-22.822162628173828";"-47.065582275390625";"629";"-92";"12.5";"16844";"1779222417817"
"268";"2026-05-19 17:27:57";"20.83";"70";"950.22";"3740";"";"-22.822174072265625";"-47.065608978271484";"635.7";"-91";"12.5";"16845";"1779222477817"
"269";"2026-05-19 17:28:57";"20.81";"70";"950.22";"3720";"";"-22.822147369384766";"-47.06560516357422";"619";"-93";"12.300000190734863";"16846";"1779222537825"
"270";"2026-05-19 17:29:57";"20.79";"70.5";"950.2";"3720";"";"-22.822181701660156";"-47.065616607666016";"619.7";"-92";"13";"16847";"1779222597823"
"271";"2026-05-19 17:30:57";"20.78";"70.5";"950.2";"3700";"";"-22.82217788696289";"-47.06563186645508";"617.5";"-92";"12.800000190734863";"16848";"1779222657827"
"272";"2026-05-19 17:31:57";"20.75";"70.5";"950.22";"3760";"";"-22.822174072265625";"-47.06562423706055";"619.5";"-92";"12.5";"16849";"1779222717820"
"273";"2026-05-19 17:32:57";"20.74";"70.5";"950.22";"3720";"";"-22.82218360900879";"-47.06565856933594";"622";"-93";"11.300000190734863";"16850";"1779222777807"
"274";"2026-05-19 17:33:57";"20.74";"70.5";"950.24";"3760";"";"-22.822154998779297";"-47.065643310546875";"625.2";"-93";"12";"16851";"1779222837817"
"275";"2026-05-19 17:34:57";"20.74";"70.5";"950.26";"3760";"";"-22.8221378326416";"-47.06562805175781";"628.2";"-92";"12.300000190734863";"16852";"1779222897823"
"276";"2026-05-19 17:35:57";"20.73";"70.5";"950.3000000000001";"3720";"";"-22.822206497192383";"-47.065616607666016";"632";"-92";"13";"16853";"1779222957780"
"277";"2026-05-19 17:36:57";"20.71";"70.5";"950.26";"3740";"";"-22.82221221923828";"-47.06560134887695";"635.5";"-92";"12.800000190734863";"16854";"1779223017823"
"278";"2026-05-19 17:37:57";"20.7";"70.5";"950.28";"3760";"";"-22.822227478027344";"-47.06558609008789";"639.2";"-92";"12.800000190734863";"16855";"1779223077812"
"279";"2026-05-19 17:38:57";"20.68";"70.5";"950.28";"3740";"";"-22.82219123840332";"-47.065650939941406";"629.7";"-94";"12.300000190734863";"16856";"1779223137819"
"280";"2026-05-19 17:39:57";"20.68";"70.5";"950.3000000000001";"3740";"";"-22.822185516357422";"-47.06562042236328";"629.9000000000001";"-91";"12.800000190734863";"16857";"1779223197813"
"281";"2026-05-19 17:40:57";"20.66";"70.5";"950.26";"3740";"";"-22.82219123840332";"-47.06562423706055";"625.9000000000001";"-92";"12.800000190734863";"16858";"1779223257821"
"282";"2026-05-19 17:41:57";"20.64";"70.5";"950.24";"3760";"";"-22.822162628173828";"-47.06562423706055";"618.7";"-92";"12.800000190734863";"16859";"1779223317821"
"283";"2026-05-19 17:42:57";"20.65";"70.5";"950.2";"3740";"";"-22.82219886779785";"-47.065608978271484";"622.9000000000001";"-93";"12.5";"16860";"1779223377855"
"284";"2026-05-19 17:43:57";"20.65";"70.5";"950.2";"3760";"";"-22.822254180908203";"-47.06563186645508";"635";"-94";"12.5";"16861";"1779223437816"
"285";"2026-05-19 17:44:57";"20.63";"70.5";"950.16";"3720";"";"-22.822227478027344";"-47.06561279296875";"634.5";"-92";"13";"16862";"1779223497826"
"286";"2026-05-19 17:45:57";"20.62";"70.5";"950.2";"3720";"";"-22.82217025756836";"-47.06559371948242";"623.7";"-93";"12.5";"16863";"1779223557809"
"287";"2026-05-19 17:46:57";"20.59";"70.5";"950.16";"3760";"";"-22.822206497192383";"-47.065643310546875";"616.5";"-93";"12.300000190734863";"16864";"1779223617818"
"288";"2026-05-19 17:47:57";"20.55";"70.5";"950.1800000000001";"3720";"";"-22.822147369384766";"-47.06559753417969";"618.5";"-93";"12.800000190734863";"16865";"1779223677811"
"289";"2026-05-19 17:48:57";"20.53";"70.5";"950.2";"3740";"";"-22.822206497192383";"-47.06560134887695";"631";"-92";"13";"16866";"1779223737812"
"290";"2026-05-19 17:49:57";"20.51";"70.5";"950.24";"3720";"";"-22.822200775146484";"-47.06562042236328";"629";"-92";"13";"16867";"1779223797814"
"291";"2026-05-19 17:50:57";"20.5";"70.5";"950.32";"3720";"";"-22.82219123840332";"-47.06563186645508";"630.4000000000001";"-95";"12.300000190734863";"16868";"1779223857819"
"292";"2026-05-19 17:51:57";"20.5";"70.5";"950.38";"3720";"";"-22.822168350219727";"-47.065643310546875";"630.4000000000001";"-92";"12.300000190734863";"16869";"1779223917819"
"293";"2026-05-19 17:52:57";"20.5";"70.5";"950.4";"3720";"";"-22.82219123840332";"-47.065616607666016";"634.7";"-93";"12.300000190734863";"16870";"1779223977823"
"294";"2026-05-19 17:53:57";"20.5";"70.5";"950.38";"3720";"";"-22.822221755981445";"-47.06556701660156";"635.7";"-92";"12.800000190734863";"16871";"1779224037815"
"295";"2026-05-19 17:54:57";"20.5";"70.5";"950.4200000000001";"3760";"";"-22.822267532348633";"-47.06561279296875";"642.4000000000001";"-93";"13.300000190734863";"16872";"1779224097816"
"296";"2026-05-19 17:55:57";"20.49";"70.5";"950.4200000000001";"3760";"";"-22.822256088256836";"-47.065650939941406";"637.2";"-92";"12.5";"16873";"1779224157815"
"297";"2026-05-19 17:56:57";"20.47";"70.5";"950.46";"3740";"";"-22.822290420532227";"-47.06563949584961";"631.7";"-92";"13";"16874";"1779224217809"
"298";"2026-05-19 17:57:57";"20.47";"70.5";"950.46";"3740";"";"-22.822179794311523";"-47.06562805175781";"623.2";"-93";"12.300000190734863";"16875";"1779224277819"
"299";"2026-05-19 17:58:57";"20.46";"71";"950.44";"3720";"";"-22.822147369384766";"-47.06560134887695";"618";"-93";"12";"16876";"1779224337821"
"300";"2026-05-19 17:59:57";"20.47";"70.5";"950.44";"3740";"";"-22.82217788696289";"-47.06562805175781";"617.9000000000001";"-93";"12.800000190734863";"16877";"1779224397813"
"301";"2026-05-19 18:00:57";"20.47";"70.5";"950.4200000000001";"3720";"";"-22.822216033935547";"-47.065616607666016";"625.2";"-94";"12";"16878";"1779224457813"
"302";"2026-05-19 18:01:57";"20.46";"70.5";"950.44";"3700";"";"-22.822233200073242";"-47.065616607666016";"628.9000000000001";"-93";"12.5";"16879";"1779224517824"
"303";"2026-05-19 18:02:57";"20.44";"70.5";"950.46";"3740";"";"-22.822229385375977";"-47.06559753417969";"635.4000000000001";"-93";"12.800000190734863";"16880";"1779224577821"
"304";"2026-05-19 18:03:57";"20.43";"70.5";"950.46";"3700";"";"-22.822219848632812";"-47.06560516357422";"625.5";"-94";"12";"16881";"1779224637819"
"305";"2026-05-19 18:04:57";"20.42";"70.5";"950.52";"3740";"";"-22.822214126586914";"-47.06558609008789";"628.4000000000001";"-93";"13";"16882";"1779224697814"
"306";"2026-05-19 18:05:57";"20.41";"70.5";"950.52";"3740";"";"-22.82218360900879";"-47.065589904785156";"628.5";"-93";"12.800000190734863";"16883";"1779224757820"
"307";"2026-05-19 18:06:57";"20.42";"70.5";"950.5";"3700";"";"-22.82221794128418";"-47.06560134887695";"628";"-93";"12.5";"16884";"1779224817817"
"308";"2026-05-19 18:08:01";"20.49";"74";"950.54";"4960";"";"-22.822174072265625";"-47.06562805175781";"629.9000000000001";"-96";"12";"16885";"1779224881797"
"309";"2026-05-19 18:09:13";"20.75";"74.5";"950.5";"3880";"";"";"";"";"-92";"12.800000190734863";"16886";"1779224953254"
"310";"2026-05-19 18:19:04";"20.72";"72.5";"950.44";"3880";"";"-22.822141647338867";"-47.065643310546875";"607.4";"-93";"12.5";"16887";"1779225544814"
"311";"2026-05-19 18:29:04";"20.54";"72.5";"950.54";"3860";"";"-22.822134017944336";"-47.06563949584961";"609";"-95";"12.300000190734863";"16888";"1779226144805"
"312";"2026-05-19 18:39:04";"20.4";"72.5";"950.52";"3860";"";"-22.822114944458008";"-47.06562042236328";"600.2";"-96";"12";"16889";"1779226744811"
"313";"2026-05-19 18:49:03";"20.29";"72.5";"950.54";"3840";"";"-22.82210922241211";"-47.06565856933594";"601.5";"-93";"12.5";"16890";"1779227343810"
"314";"2026-05-19 18:59:04";"20.01";"73";"950.62";"3840";"";"-22.82210922241211";"-47.065673828125";"605.7";"-93";"12.800000190734863";"16891";"1779227944807"
"315";"2026-05-19 19:09:04";"19.81";"73";"950.8000000000001";"3840";"";"-22.822097778320312";"-47.06563186645508";"602.9";"-95";"12.300000190734863";"16892";"1779228544783"
"316";"2026-05-19 19:19:04";"19.66";"73";"950.88";"3820";"";"-22.8221435546875";"-47.06565856933594";"610.7";"-94";"12.300000190734863";"16893";"1779229144814"
"317";"2026-05-19 19:29:03";"19.6";"73";"951.08";"3820";"";"-22.82217025756836";"-47.065677642822266";"608.5";"-95";"12.300000190734863";"16894";"1779229743812"
"318";"2026-05-19 19:39:04";"19.52";"73";"951.12";"3800";"";"-22.822134017944336";"-47.065673828125";"604.5";"-95";"12.300000190734863";"16895";"1779230344811"
"319";"2026-05-19 19:49:04";"19.46";"73";"951.14";"3780";"";"-22.822113037109375";"-47.065643310546875";"613.7";"-97";"11.300000190734863";"16896";"1779230944800"
"320";"2026-05-19 19:59:03";"19.36";"73";"951.22";"3820";"";"-22.82211685180664";"-47.06565856933594";"607.7";"-97";"10.5";"16897";"1779231543814"
"321";"2026-05-19 20:09:03";"19.27";"73";"951.14";"3780";"";"-22.822162628173828";"-47.06568908691406";"614.4000000000001";"-94";"12.300000190734863";"16898";"1779232143810"
"322";"2026-05-19 20:19:03";"19.15";"73";"951.28";"3820";"";"-22.822147369384766";"-47.065670013427734";"611.2";"-99";"10.800000190734863";"16899";"1779232743817"
"323";"2026-05-19 20:29:03";"19.04";"73.5";"951.36";"3780";"";"-22.822193145751953";"-47.065673828125";"618.7";"-92";"12.300000190734863";"16900";"1779233343811"
"324";"2026-05-19 20:39:03";"18.99";"73";"951.6";"3780";"";"-22.82215118408203";"-47.06565856933594";"610";"-95";"12";"16901";"1779233943809"
"325";"2026-05-19 20:49:03";"18.92";"73";"951.5600000000001";"3780";"";"-22.82215118408203";"-47.06565475463867";"608.7";"-94";"12.300000190734863";"16902";"1779234543815"
"326";"2026-05-19 20:59:03";"18.83";"73.5";"951.7";"3800";"";"-22.82217025756836";"-47.06565856933594";"616.4000000000001";"-98";"10.5";"16903";"1779235143820"
"327";"2026-05-19 21:09:03";"18.66";"73.5";"951.54";"3780";"";"-22.822145462036133";"-47.06563949584961";"615.9000000000001";"-96";"12";"16904";"1779235743815"
"328";"2026-05-19 21:19:03";"18.6";"73.5";"951.64";"3800";"";"-22.82209014892578";"-47.065704345703125";"613";"-96";"11.800000190734863";"16905";"1779236343816"
"329";"2026-05-19 21:29:03";"18.58";"73.5";"951.66";"3760";"";"-22.82215118408203";"-47.065643310546875";"620.5";"-97";"11.300000190734863";"16906";"1779236943812"
"330";"2026-05-19 21:39:03";"18.55";"73.5";"951.7";"3760";"";"-22.82213592529297";"-47.06575012207031";"584.4";"-96";"12";"16907";"1779237543829"
"331";"2026-05-19 21:49:03";"18.5";"73.5";"951.76";"3780";"";"-22.822124481201172";"-47.06562042236328";"624";"-96";"11.5";"16908";"1779238143828"
"332";"2026-05-19 21:59:03";"18.47";"73.5";"951.6800000000001";"3740";"";"-22.822113037109375";"-47.0656623840332";"628.5";"-100";"9.5";"16909";"1779238743843"
"333";"2026-05-19 22:09:03";"18.42";"73.5";"951.58";"3780";"";"-22.822132110595703";"-47.06563186645508";"618.2";"-94";"12.300000190734863";"16910";"1779239343826"
"334";"2026-05-19 22:19:03";"18.32";"73.5";"951.36";"3740";"";"-22.822084426879883";"-47.0656852722168";"609.5";"-96";"11.5";"16911";"1779239943823"
"335";"2026-05-19 22:29:03";"18.34";"73.5";"951.08";"3780";"";"-22.822113037109375";"-47.06570053100586";"611";"-97";"11";"16912";"1779240543826"
"336";"2026-05-19 22:39:03";"18.38";"73.5";"951.26";"3760";"";"-22.82210922241211";"-47.06562423706055";"625.2";"-100";"9.800000190734863";"16913";"1779241143820"
"337";"2026-05-19 22:49:03";"18.33";"73.5";"951.1";"3740";"";"-22.82213592529297";"-47.065696716308594";"600.7";"-92";"12.5";"16914";"1779241743831"
"338";"2026-05-19 22:59:03";"18.24";"73.5";"950.96";"3760";"";"-22.822124481201172";"-47.065673828125";"605.5";"-89";"13";"16915";"1779242343823"
"339";"2026-05-19 23:09:03";"18.21";"73.5";"950.96";"3740";"";"-22.82212257385254";"-47.06570053100586";"597.4";"-93";"12.800000190734863";"16916";"1779242943828"
"340";"2026-05-19 23:19:03";"18.16";"73.5";"951";"3740";"";"-22.82212257385254";"-47.065696716308594";"618.2";"-93";"12.300000190734863";"16917";"1779243543812"
"341";"2026-05-19 23:29:03";"18.14";"73.5";"950.9200000000001";"3740";"";"-22.822124481201172";"-47.06563186645508";"615.7";"-92";"13";"16918";"1779244143784"
"342";"2026-05-19 23:39:03";"18.08";"73.5";"951.08";"3760";"";"-22.82215118408203";"-47.0656852722168";"603.9";"-97";"11.300000190734863";"16919";"1779244743824"
"343";"2026-05-19 23:49:03";"18.03";"73.5";"950.98";"3740";"";"-22.822160720825195";"-47.06570816040039";"610.5";"-94";"12";"16920";"1779245343824"
"344";"2026-05-19 23:59:03";"17.95";"74";"951.14";"3720";"";"-22.82213020324707";"-47.065643310546875";"616.5";"-91";"12.5";"16921";"1779245943814"
